Name,CID,SMILES,predicted_pIC50,predicted_IC50_nM
Congo red,11313,C1=CC=C2C(=C1)C(=CC(=C2N)N=NC3=CC=C(C=C3)C4=CC=C(C=C4)N=NC5=C(C6=CC=CC=C6C(=C5)S(=O)(=O)[O-])N)S(=O)(=O)[O-].[Na+].[Na+],6.315105366180379,484.0549145491104
"(2Z,4E)-3-hydroxy-5-(4-hydroxy-3-methoxyphenyl)-1-[(2S,3S,8R)-3-(4-hydroxy-3-methoxyphenyl)-6-methyl-8-(6-methylhept-5-en-2-yl)-2-bicyclo[2.2.2]oct-5-enyl]penta-2,4-dien-1-one",102230691,CC1=CC2C(CC1C(C2C3=CC(=C(C=C3)O)OC)C(=O)C=C(C=CC4=CC(=C(C=C4)O)OC)O)C(C)CCC=C(C)C,6.308834931244128,491.09449826618226
"(2Z,4E)-3-hydroxy-5-(4-hydroxy-3-methoxyphenyl)-1-[(2R,3R,8R)-3-(4-hydroxy-3-methoxyphenyl)-6-methyl-8-(6-methylhept-5-en-2-yl)-2-bicyclo[2.2.2]oct-5-enyl]penta-2,4-dien-1-one",102230690,CC1=CC2C(CC1C(C2C3=CC(=C(C=C3)O)OC)C(=O)C=C(C=CC4=CC(=C(C=C4)O)OC)O)C(C)CCC=C(C)C,6.308834931244128,491.09449826618226
CID 6037,6037,C1=CC(=CC=C1C(=O)NC(CCC(=O)O)C(=O)O)NCC2=CN=C3C(=N2)C(=O)N=C(N3)N,6.259568481423266,550.0871735582783
Npc215743,615367,CC1(CC(=CC23C14C2CC(C4)C3(C)C)C=O)C,6.226095364306905,594.1616756363285
"1-[(3R,6S)-6-hydroxy-6'-[(E)-2-(4-hydroxyphenyl)ethenyl]-3,4',4',7-tetramethylspiro[3,4,4a,5,6,8a-hexahydrochromene-2,2'-3H-pyran]-5'-yl]-3-(4-hydroxyphenyl)propan-1-one",102230685,CC1CC2CC(C(=CC2OC13CC(C(=C(O3)C=CC4=CC=C(C=C4)O)C(=O)CCC5=CC=C(C=C5)O)(C)C)C)O,6.207105928800868,620.717616482531
"(2Z,4E)-3-hydroxy-5-(4-hydroxy-3-methoxyphenyl)-1-[(2S,3S,7R)-3-(4-hydroxy-3-methoxyphenyl)-5-methyl-7-(6-methylhept-5-en-2-yl)-2-bicyclo[2.2.2]oct-5-enyl]penta-2,4-dien-1-one",102230687,CC1=CC2C(CC1C(C2C(=O)C=C(C=CC3=CC(=C(C=C3)O)OC)O)C4=CC(=C(C=C4)O)OC)C(C)CCC=C(C)C,6.199715328989194,631.3710594879054
"(2Z,4E)-3-hydroxy-5-(4-hydroxy-3-methoxyphenyl)-1-[(2R,3R,7R)-3-(4-hydroxy-3-methoxyphenyl)-5-methyl-7-(6-methylhept-5-en-2-yl)-2-bicyclo[2.2.2]oct-5-enyl]penta-2,4-dien-1-one",102230689,CC1=CC2C(CC1C(C2C(=O)C=C(C=CC3=CC(=C(C=C3)O)OC)O)C4=CC(=C(C=C4)O)OC)C(C)CCC=C(C)C,6.199715328989194,631.3710594879054
"(1E,6E)-4-[4,8-dimethyl-6-(2-methylprop-1-enyl)-2-bicyclo[3.3.1]non-3-enyl]-1,7-bis(4-hydroxy-3-methoxyphenyl)hepta-1,6-diene-3,5-dione",102230692,CC1CC(C2CC1C(C=C2C)C(C(=O)C=CC3=CC(=C(C=C3)O)OC)C(=O)C=CC4=CC(=C(C=C4)O)OC)C=C(C)C,6.191421954294511,643.5437038313296
Labdadienedial,9796432,CC1(CCCC2(C1CCC(=C)C2CC=C(CC=O)C=O)C)C,6.173526265027745,670.6157283390631
"2-[2-(5,5,8a-trimethyl-2-methylidene-3,4,4a,6,7,8-hexahydro-1H-naphthalen-1-yl)ethylidene]butanedial",75094027,CC1(CCCC2(C1CCC(=C)C2CC=C(CC=O)C=O)C)C,6.173526265027745,670.6157283390631
"3-(4-hydroxy-3-methoxyphenyl)-1-[(3R)-6'-[(E)-2-(4-hydroxy-3-methoxyphenyl)ethenyl]-3,4',4',7-tetramethylspiro[3,4,4a,5,6,8a-hexahydrochromene-2,2'-3H-pyran]-5'-yl]propan-1-one",102230686,CC1CC2CCC(=CC2OC13CC(C(=C(O3)C=CC4=CC(=C(C=C4)O)OC)C(=O)CCC5=CC(=C(C=C5)O)OC)(C)C)C,6.163020990101365,687.0352337721605
Thiamine,1130,CC1=C(SC=[N+]1CC2=CN=C(N=C2N)C)CCO,6.107652373891783,780.4545666050906
,5379611,CC1=CC=CC=C1N=NC2=CC(=C(C=C2)NN=C3C(=O)C=CC4=CC=CC=C43)C,6.104452967782507,786.2253313470511
,5876571,CC1=CC=CC=C1N=NC2=CC(=C(C=C2)NN=C3C(=O)C=CC4=CC=CC=C43)C,6.104452967782507,786.2253313470511
,6797604,CC1=CC=CC=C1N=NC2=CC(=C(C=C2)NN=C3C(=O)C=CC4=CC=CC=C43)C,6.104452967782507,786.2253313470511
"2-(4,7-Dimethyl-1,2,3,4,4a,5,6,8a-octahydronaphthalen-1-yl)prop-2-enoic acid",578305,CC1CCC(C2C1CCC(=C2)C)C(=C)C(=O)O,6.0360852786399555,920.2688487996428
"3,3'-((1,1'-Biphenyl)-4,4'-diylbis(2,1-diazenediyl))bis(4-amino-1-naphthalenesulfonic acid)",11314,C1=CC=C2C(=C1)C(=CC(=C2N)N=NC3=CC=C(C=C3)C4=CC=C(C=C4)N=NC5=C(C6=CC=CC=C6C(=C5)S(=O)(=O)O)N)S(=O)(=O)O,6.032395627804696,928.1205146888043
"4-[2,4-Dinitro-5-(2,4,6-trimethylphenoxy)anilino]benzonitrile",49777919,CC1=CC(=C(C(=C1)C)OC2=C(C=C(C(=C2)NC3=CC=C(C=C3)C#N)[N+](=O)[O-])[N+](=O)[O-])C,5.990637150221515,1021.7928274115069
"3-((6-O-Acetyl-beta-D-galactopyranosyl)oxy)-2-(3,4-dihydroxyphenyl)-5,7-dihydroxy-1-benzopyrylium",122396785,CC(=O)OCC1C(C(C(C(O1)OC2=CC3=C(C=C(C=C3[O+]=C2C4=CC(=C(C=C4)O)O)O)O)O)O)O,5.983185373399551,1039.4763830762327
Turricolol E,5281861,CC(=CCCC(=CCCC(=CCC1=C(C=CC(=C1)O)O)C)CO)C,5.928352499832519,1179.3630042784703
2-Hydroxy-5-methylacetophenone,15068,CC1=CC(=C(C=C1)O)C(=O)C,5.864304543592166,1366.7700590058214
"[(E)-[(4aS,8aS)-2-formyl-5,5,8a-trimethyl-4a,6,7,8-tetrahydro-4H-naphthalen-1-ylidene]methyl] acetate",23425487,CC(=O)OC=C1C(=CCC2C1(CCCC2(C)C)C)C=O,5.848760200545323,1416.5757386015496
"(1E,4Z,6E)-5-hydroxy-7-[4-[4-hydroxy-3-methyl-6-(6-methylhept-5-en-2-yl)cyclohex-2-en-1-yl]oxyphenyl]-1-(4-hydroxyphenyl)hepta-1,4,6-trien-3-one",102230694,CC1=CC(C(CC1O)C(C)CCC=C(C)C)OC2=CC=C(C=C2)C=CC(=CC(=O)C=CC3=CC=C(C=C3)O)O,5.797523457487983,1593.9567842190238
Terpecurcumin H,71461465,CC1=CC(C(CC1O)C(C)CCC=C(C)C)C2=C(C(=CC(=C2)C=CC(=CC(=O)C=CC3=CC(=C(C=C3)O)OC)O)OC)O,5.782862995999595,1648.6824084050438
2-Pinanol,10128,CC1(C2CCC(C1C2)(C)O)C,5.7451006749289935,1798.4539625308457
trans-Pinan-2-ol,220076,CC1(C2CCC(C1C2)(C)O)C,5.7451006749289935,1798.4539625308457
"Acetic acid 1,7,7-trimethyl-bicyclo(2.2.1)hept-2-yl ester",6448,CC(=O)OC1CC2CCC1(C2(C)C)C,5.735811807645453,1837.3343409591357
Npc126240,44630108,CC(=O)OC1CC2CCC1(C2(C)C)C,5.735811807645453,1837.3343409591357
"(1S,2R,4S)-(-)-Bornyl acetate",442460,CC(=O)OC1CC2CCC1(C2(C)C)C,5.735811807645453,1837.3343409591357
"(1R,2S,4R)-(+)-Bornyl acetate",443131,CC(=O)OC1CC2CCC1(C2(C)C)C,5.735811807645453,1837.3343409591357
(+)-Borneol acetate,6950274,CC(=O)OC1CC2CCC1(C2(C)C)C,5.735811807645453,1837.3343409591357
"Bornyl acetate, (-)-",93009,CC(=O)OC1CC2CCC1(C2(C)C)C,5.735811807645453,1837.3343409591357
Terpecurcumin B,71459743,CC1=CC(C(CC1OC2=C(C=C(C=C2)C=CC(=CC(=O)C=CC3=CC(=C(C=C3)O)OC)O)OC)C(C)CCC=C(C)C)O,5.720970187701931,1901.2087845923563
5-Methyl-2-(6-methylhept-5-en-2-yl)phenol,122836,CC1=CC(=C(C=C1)C(C)CCC=C(C)C)O,5.713532111456204,1934.0508508495575
Curcuphenol,360253,CC1=CC(=C(C=C1)C(C)CCC=C(C)C)O,5.713532111456204,1934.0508508495575
(+)-Curcuphenol,156118,CC1=CC(=C(C=C1)C(C)CCC=C(C)C)O,5.713532111456204,1934.0508508495575
"6-[(2R,7S,8S)-7-[(2Z,4E)-3-hydroxy-5-(4-hydroxy-3-methoxyphenyl)penta-2,4-dienoyl]-8-(4-hydroxy-3-methoxyphenyl)-5-methyl-2-bicyclo[2.2.2]oct-5-enyl]-2-methylhept-2-en-4-one",102230688,CC1=CC2C(CC1C(C2C(=O)C=C(C=CC3=CC(=C(C=C3)O)OC)O)C4=CC(=C(C=C4)O)OC)C(C)CC(=O)C=C(C)C,5.708333964184958,1957.338938275513
Terpecurcumin C,71450688,CC(CCC=C(C)C)C1CC(C(C=C1)(C)O)OC2=C(C=C(C=C2)C=CC(=CC(=O)C=CC3=CC(=C(C=C3)O)OC)O)OC,5.6798069368227075,2090.2251222101504
Terpecurcumin E,71459742,CC(CCC=C(C)C)C1CC(C(C=C1)(C)OC2=C(C=C(C=C2)C=CC(=CC(=O)C=CC3=CC(=C(C=C3)O)OC)O)OC)O,5.663054002326139,2172.4310312378793
(-)-alpha-Curcumene,442360,CC1=CC=C(C=C1)C(C)CCC=C(C)C,5.65567826764449,2209.6410645663755
Curcumene,92139,CC1=CC=C(C=C1)C(C)CCC=C(C)C,5.65567826764449,2209.6410645663755
Terpecurcumin A,71457832,CC1=CC(C(CC1O)C(C)CCC=C(C)C)OC2=C(C=C(C=C2)C=CC(=CC(=O)C=CC3=CC(=C(C=C3)O)OC)O)OC,5.618372396977345,2407.839878978938
Cycloisolongifolene,563197,CC1(CCCC23C14C2CC(C4)C3(C)C)C,5.613367937821072,2435.746359831424
Paclitaxel,36314,CC1=C2C(C(=O)C3(C(CC4C(C3C(C(C2(C)C)(CC1OC(=O)C(C(C5=CC=CC=C5)NC(=O)C6=CC=CC=C6)O)O)OC(=O)C7=CC=CC=C7)(CO4)OC(=O)C)O)C)OC(=O)C,5.605892113984727,2478.0375671692027
"(4S,5S)-(+)-Germacrone 4,5-epoxide",13922653,CC1=CCCC2(C(O2)CC(=C(C)C)C(=O)C1)C,5.60138633982603,2503.88085886496
"(1S,10S,E)-6,10-dimethyl-3-(propan-2-ylidene)-11-oxabicyclo[8.1.0]undec-6-en-4-one",11637239,CC1=CCCC2(C(O2)CC(=C(C)C)C(=O)C1)C,5.60138633982603,2503.88085886496
"(3R,6Z)-3,7,11-trimethyl-1,6,10-dodecatrien-3-ol",12227246,CC(=CCCC(=CCCC(C)(C=C)O)C)C,5.591825803865786,2559.6123451861063
"(3R,6E)-Nerolidol",11241545,CC(=CCCC(=CCCC(C)(C=C)O)C)C,5.591825803865786,2559.6123451861063
"1,6,10-Dodecatrien-3-ol, 3,7,11-trimethyl-, [S-(Z)]-",5320128,CC(=CCCC(=CCCC(C)(C=C)O)C)C,5.591825803865786,2559.6123451861063
Nerolidol,5284507,CC(=CCCC(=CCCC(C)(C=C)O)C)C,5.591825803865786,2559.6123451861063
"(3S,6E)-Nerolidol",5281525,CC(=CCCC(=CCCC(C)(C=C)O)C)C,5.591825803865786,2559.6123451861063
"3,7,11-Trimethyldodeca-1,6,10-trien-3-ol",8888,CC(=CCCC(=CCCC(C)(C=C)O)C)C,5.591825803865786,2559.6123451861063
Peruviol,5356544,CC(=CCCC(=CCCC(C)(C=C)O)C)C,5.591825803865786,2559.6123451861063
Zedoarondiol,24834047,CC(=C1CC2C(CCC2(C)O)C(CC1=O)(C)O)C,5.570683831934157,2687.3000985965236
Isozedoarondiol,14632998,CC(=C1CC2C(CCC2(C)O)C(CC1=O)(C)O)C,5.570683831934157,2687.3000985965236
Npc239531,14632997,CC(=C1CC2C(CCC2(C)O)C(CC1=O)(C)O)C,5.570683831934157,2687.3000985965236
ent-Isozedoaronediol,25754115,CC(=C1CC2C(CCC2(C)O)C(CC1=O)(C)O)C,5.570683831934157,2687.3000985965236
"3,7-Dimethylocta-2,6-dienyl acetate",7780,CC(=CCCC(=CCOC(=O)C)C)C,5.56834492570668,2701.8116767444244
Neryl acetate,1549025,CC(=CCCC(=CCOC(=O)C)C)C,5.56834492570668,2701.8116767444244
Geranyl Acetate,1549026,CC(=CCCC(=CCOC(=O)C)C)C,5.56834492570668,2701.8116767444244
p-Cymen-8-ol,14529,CC1=CC=C(C=C1)C(C)(C)O,5.560787521078452,2749.2388914381145
alpha-Santalene,94164,CC(=CCCC1(C2CC3C1(C3C2)C)C)C,5.555026084078968,2785.9538369568254
2-(4-Ethenyl-4-methyl-3-(prop-1-en-2-yl)cyclohexyl)propan-2-ol,547972,CC(=C)C1CC(CCC1(C)C=C)C(C)(C)O,5.5527080816961,2800.8633342120575
Elemol,92138,CC(=C)C1CC(CCC1(C)C=C)C(C)(C)O,5.5527080816961,2800.8633342120575
Npc49026,6429032,CC(=C)C1CC(CCC1(C)C=C)C(C)(C)O,5.5527080816961,2800.8633342120575
"(1S)-7-Isopropylidene-1,2,3,3aalpha,4,5,6,7,8,8abeta-decahydro-1beta-hydroxy-1-methyl-4-methyleneazulen-6-one",14543198,CC(=C1CC2C(CCC2(C)O)C(=C)CC1=O)C,5.548504066746947,2828.107628436269
"(1E,4Z,6E)-5-hydroxy-7-[4-hydroxy-3-methoxy-5-[3-methyl-6-(6-methylhept-5-en-2-yl)cyclohex-2-en-1-yl]phenyl]-1-(4-hydroxy-3-methoxyphenyl)hepta-1,4,6-trien-3-one",102230696,CC1=CC(C(CC1)C(C)CCC=C(C)C)C2=C(C(=CC(=C2)C=CC(=CC(=O)C=CC3=CC(=C(C=C3)O)OC)O)OC)O,5.541490563096004,2874.1500461317014
(+)-(S)-Dihydro-Ar-Turmerone,13970960,CC1=CC=C(C=C1)C(C)CC(=O)CC(C)C,5.529569327805052,2954.1372725388287
4-((Z)-2-(3-Methoxyphenyl)Ethenyl)Phenol,5469252,COC1=CC=CC(=C1)C=CC2=CC=C(C=C2)O,5.528477333212511,2961.5745324717122
,5809936,CC1=CC(=C(C=C1)NN=C2C(=O)C=CC3=CC=CC=C32)C,5.516932672230744,3041.3564842938626
"(1R,4S,5S)-2-methyl-5-[(2S)-6-methylhept-5-en-2-yl]cyclohex-2-ene-1,4-diol",163185226,CC1=CC(C(CC1O)C(C)CCC=C(C)C)O,5.514308376533562,3059.7900178311056
Pinocarvone,121719,CC1(C2CC1C(=C)C(=O)C2)C,5.498882084868282,3170.428147952141
"(1R,5R)-6,6-dimethyl-2-methylidenebicyclo[3.1.1]heptan-3-one",10012081,CC1(C2CC1C(=C)C(=O)C2)C,5.498882084868282,3170.428147952141
cis-beta-Santalene,6430549,CC(=CCCC1(C2CCC(C2)C1=C)C)C,5.491257906800133,3226.5774420493153
Epi-beta-Santalene,91746538,CC(=CCCC1(C2CCC(C2)C1=C)C)C,5.491257906800133,3226.5774420493153
"Norbornane, 2-methyl-3-methylene-2-(4-methyl-3-pentenyl)-",10534,CC(=CCCC1(C2CCC(C2)C1=C)C)C,5.491257906800133,3226.5774420493153
b-Sitostenone,579897,CCC(CCC(C)C1CCC2C1(CCC3C2CCC4=CC(=O)CCC34C)C)C(C)C,5.484852956282271,3274.515448762084
Stigmast-4-en-3-one,5484202,CCC(CCC(C)C1CCC2C1(CCC3C2CCC4=CC(=O)CCC34C)C)C(C)C,5.484852956282271,3274.515448762084
,102230697,CC1=CC(C2(CC1)C(O2)(C)C)C3=C(C(=CC(=C3)C=CC(=CC(=O)C=CC4=CC(=C(C=C4)O)OC)O)OC)O,5.473953206228186,3357.7379079220455
d-alpha-Santalol,5368797,CC(=CCCC1(C2CC3C1(C3C2)C)C)CO,5.462602114435274,3446.6555680583288
alpha-Santal-10-en-12-ol,5281531,CC(=CCCC1(C2CC3C1(C3C2)C)C)CO,5.462602114435274,3446.6555680583288
[4-(4-Hydroxy-3-methoxyphenyl)-2-oxobut-3-enyl] 3-(4-hydroxyphenyl)prop-2-enoate,85050216,COC1=C(C=CC(=C1)C=CC(=O)COC(=O)C=CC2=CC=C(C=C2)O)O,5.453411158526972,3520.3742971435363
[(E)-4-(4-hydroxyphenyl)-2-oxobut-3-enyl] (E)-3-(4-hydroxy-3-methoxyphenyl)prop-2-enoate,16743817,COC1=C(C=CC(=C1)C=CC(=O)OCC(=O)C=CC2=CC=C(C=C2)O)O,5.453411158526972,3520.3742971435363
[(E)-4-(4-hydroxy-3-methoxyphenyl)-2-oxobut-3-enyl] (E)-3-(4-hydroxyphenyl)prop-2-enoate,9841508,COC1=C(C=CC(=C1)C=CC(=O)COC(=O)C=CC2=CC=C(C=C2)O)O,5.453411158526972,3520.3742971435363
[4-(4-Hydroxyphenyl)-2-oxobut-3-enyl] 3-(4-hydroxy-3-methoxyphenyl)prop-2-enoate,73318874,COC1=C(C=CC(=C1)C=CC(=O)OCC(=O)C=CC2=CC=C(C=C2)O)O,5.453411158526972,3520.3742971435363
"(1S,7R)-1-methyl-7-(3-oxobutyl)-4-propan-2-ylidenebicyclo[4.1.0]heptan-3-one",42608155,CC(=C1CC2C(C2(CC1=O)C)CCC(=O)C)C,5.445604637433102,3584.2258075673703
Curcumenone,153845,CC(=C1CC2C(C2(CC1=O)C)CCC(=O)C)C,5.445604637433102,3584.2258075673703
"Gamma-elemene, (+)-",6432312,CC(=C1CCC(C(C1)C(=C)C)(C)C=C)C,5.4440236033574445,3597.297837643234
Elixene,94254,CC(=C1CCC(C(C1)C(=C)C)(C)C=C)C,5.4440236033574445,3597.297837643234
Cyqualon,1550234,COC1=C(C=CC(=C1)C=C2CCCC(=CC3=CC(=C(C=C3)O)OC)C2=O)O,5.442274827550255,3611.812298323497
Epiprocurcumenol,10263440,CC1=CC(=O)C(=C(C)C)CC2C1CCC2(C)O,5.437372096456709,3652.81690084292
"(3R,3aR,8aS)-3-hydroxy-3,8-dimethyl-5-propan-2-ylidene-2,3a,4,8a-tetrahydro-1H-azulen-6-one",97289691,CC1=CC(=O)C(=C(C)C)CC2C1CCC2(C)O,5.437372096456709,3652.81690084292
Procurcumenol,189061,CC1=CC(=O)C(=C(C)C)CC2C1CCC2(C)O,5.437372096456709,3652.81690084292
Quercetin,5280343,C1=CC(=C(C=C1C2=C(C(=O)C3=C(C=C(C=C3O2)O)O)O)O)O,5.435575050361614,3667.963029523159
"Camphor, (1S)-",10050,CC1(C2CCC1(C(=O)C2)C)C,5.355709839488559,4408.493050496515
Camphor,2537,CC1(C2CCC1(C(=O)C2)C)C,5.355709839488559,4408.493050496515
D-Camphor,159055,CC1(C2CCC1(C(=O)C2)C)C,5.355709839488559,4408.493050496515
Npc54264,9543187,CC1(C2CCC1(C(=O)C2)C)C,5.355709839488559,4408.493050496515
"Camphor, (-)-",444294,CC1(C2CCC1(C(=O)C2)C)C,5.355709839488559,4408.493050496515
Guaiane,9548703,CC1CCC(CC2C1CCC2C)C(C)C,5.339382925135052,4577.381129337818
"2-Isopropenyl-4a,8-dimethyl-1,2,3,4,4a,5,6,8a-octahydronaphthalene",10123,CC1=CCCC2(C1CC(CC2)C(=C)C)C,5.334302890383842,4631.238102283682
"2,3-Dihydroxybisabola-4,10-diene",14633006,CC(CCC=C(C)C)C1CC(C(C=C1)(C)O)O,5.333006538968216,4645.082812868823
Xanthorrhizol,93135,CC1=C(C=C(C=C1)C(C)CCC=C(C)C)O,5.330771953839129,4669.0448549004395
(S)-(+)-Xanthorrhizol,11156616,CC1=C(C=C(C=C1)C(C)CCC=C(C)C)O,5.330771953839129,4669.0448549004395
2-Methyl-5-(6-methylhept-5-en-2-yl)phenol,520468,CC1=C(C=C(C=C1)C(C)CCC=C(C)C)O,5.330771953839129,4669.0448549004395
Propionic anhydride,31263,CCC(=O)OC(=O)CC,5.330031791652261,4677.009029320542
Beta-Selinene,442393,CC(=C)C1CCC2(CCCC(=C)C2C1)C,5.3225485845891445,4758.295568869761
7-Isopropenyl-4a-methyl-1-methylenedecahydronaphthalene,519361,CC(=C)C1CCC2(CCCC(=C)C2C1)C,5.3225485845891445,4758.295568869761
Nicotinic Acid,938,C1=CC(=CN=C1)C(=O)O,5.31251271550178,4869.532676837967
Camphene,6616,CC1(C2CCC(C2)C1=C)C,5.307584273422259,4925.107639752594
D-Camphene,92221,CC1(C2CCC(C2)C1=C)C,5.307584273422259,4925.107639752594
(-)-Camphene,440966,CC1(C2CCC(C2)C1=C)C,5.307584273422259,4925.107639752594
Cyclosativene,519960,CC(C)C1CCC2(C3C1C4C2(C4C3)C)C,5.299571737585021,5016.817034582243
"(+)-Cyclosativene, 99%",16212927,CC(C)C1CCC2(C3C1C4C2(C4C3)C)C,5.299571737585021,5016.817034582243
(R)-3-Methyl-6-((R)-6-methylhept-5-en-2-yl)cyclohex-2-enone,91746688,CC1=CC(=O)C(CC1)C(C)CCC=C(C)C,5.294223909967744,5078.975174318992
(6R)-3-methyl-6-((2S)-6-methylhept-5-en-2-yl)cyclohex-2-en-1-one,10421034,CC1=CC(=O)C(CC1)C(C)CCC=C(C)C,5.294223909967744,5078.975174318992
"5-(6-Methylhept-5-en-2-yl)cyclohex-2-ene-1,4-diol",14633009,CC(CCC=C(C)C)C1CC(C=CC1O)O,5.291547032149269,5110.377329405866
Didemethoxybisabolocurcumin Ether,71456030,CC1=CC(C(CC1O)C(C)CC(=O)C=C(C)C)OC2=CC=C(C=C2)C=CC(=CC(=O)C=CC3=CC=C(C=C3)O)O,5.290628066320274,5121.202321386262
"5-Hydroxy-7-(4-hydroxy-3-methoxyphenyl)-1-(4-hydroxyphenyl)-4,6-heptadiene-3-one",129864110,COC1=C(C=CC(=C1)C=CC(=CC(=O)CCC2=CC=C(C=C2)O)O)O,5.282477309695212,5218.223668447716
"(4Z,6E)-5-hydroxy-7-(4-hydroxy-3-methoxyphenyl)-1-(4-hydroxyphenyl)hepta-4,6-dien-3-one",101464047,COC1=C(C=CC(=C1)C=CC(=CC(=O)CCC2=CC=C(C=C2)O)O)O,5.282477309695212,5218.223668447716
[4-(4-Hydroxy-3-methoxyphenyl)-2-oxobut-3-enyl] 3-(4-hydroxy-3-methoxyphenyl)prop-2-enoate,78200755,COC1=C(C=CC(=C1)C=CC(=O)COC(=O)C=CC2=CC(=C(C=C2)O)OC)O,5.282435792853827,5218.722533915451
Calebin A,637429,COC1=C(C=CC(=C1)C=CC(=O)COC(=O)C=CC2=CC(=C(C=C2)O)OC)O,5.282435792853827,5218.722533915451
"(1E,6e)-1-(4-hydroxy-3-methoxyphenyl)-7-(3-methoxy-4-methylphenyl)-1,6-heptadiene-3,5-dione",44629981,CC1=C(C=C(C=C1)C=CC(=O)CC(=O)C=CC2=CC(=C(C=C2)O)OC)OC,5.280345871823988,5243.896703385253
CID 641645,641645,COC1=C(C=CC(=C1)C=CC(=CC(=O)C=CC2=CC=C(C=C2)O)O)O,5.278722801355552,5263.531164254477
"(1E,4Z,6E)-1-(4-Hydroxyphenyl)-5-hydroxy-7-(3-methoxy-4-hydroxyphenyl)-1,4,6-heptatriene-3-one",5324476,COC1=C(C=CC(=C1)C=CC(=CC(=O)C=CC2=CC=C(C=C2)O)O)O,5.278722801355552,5263.531164254477
CID 20375919,20375919,C1=CC=C(C=C1)C=O.C1=CC=C(C=C1)C=O,5.276043661110886,5296.101976891253
Benzaldehyde,240,C1=CC=C(C=C1)C=O,5.276043661110886,5296.101976891253
Cyclocurcumin,69879809,COC1=C(C=CC(=C1)C=CC2=CC(=O)CC(O2)C3=CC(=C(C=C3)O)OC)O,5.275386972214059,5304.1161752384605
(-)-Myrtenyl acetate,12635160,CC(=O)OCC1=CCC2CC1C2(C)C,5.2743142666449305,5317.233513409753
"(6,6-Dimethylbicyclo(3.1.1)hept-2-en-2-yl)methyl acetate",61262,CC(=O)OCC1=CCC2CC1C2(C)C,5.2743142666449305,5317.233513409753
4-Coumaric acid,322,C1=CC(=CC=C1C=CC(=O)O)O,5.270451674723448,5364.7356317493
P-Coumaric Acid,637542,C1=CC(=CC=C1C=CC(=O)O)O,5.270451674723448,5364.7356317493
Demethoxybisabolocurcumin Ether,71459740,CC1=CC(C(CC1O)C(C)CC(=O)C=C(C)C)OC2=C(C=C(C=C2)C=CC(=CC(=O)C=CC3=CC=C(C=C3)O)O)OC,5.270013436329793,5370.151817803695
5'-Methoxycurcumin,10250249,COC1=CC(=CC(=C1O)OC)C=CC(=O)CC(=O)C=CC2=CC(=C(C=C2)O)OC,5.25916177094794,5506.025634976881
Syn-benzaldehyde oxime,5324470,C1=CC=C(C=C1)C=NO,5.248641870053808,5641.026370361058
Caffeic Acid,689043,C1=CC(=C(C=C1C=CC(=O)O)O)O,5.23459278284336,5826.492840772665
beta Farnesene,15228937,CCC(=C)CCC=C(C)CCC=C(C)C,5.221422153270273,6005.8965418602065
"1,7-Bis(4-Hydroxyphenyl)-1-Heptene-3,5-Dione",9796708,C1=CC(=CC=C1CCC(=O)CC(=O)C=CC2=CC=C(C=C2)O)O,5.220842419202153,6013.919088621829
"(1,7-Bis(4-hydroxyphenyl)-1-heptene-3,5-dione)",53666293,C1=CC(=CC=C1CCC(=O)CC(=O)C=CC2=CC=C(C=C2)O)O,5.220842419202153,6013.919088621829
Nerol,643820,CC(=CCCC(=CCO)C)C,5.215173937958775,6092.928223560518
Geraniol,637566,CC(=CCCC(=CCO)C)C,5.215173937958775,6092.928223560518
"(1E,6E)-1,7-bis(4-hydroxy-3-methoxyphenyl)-4-[(E)-2-methyl-6-(4-methylidenecyclohex-2-en-1-yl)hept-3-en-2-yl]hepta-1,6-diene-3,5-dione",102230693,CC(CC=CC(C)(C)C(C(=O)C=CC1=CC(=C(C=C1)O)OC)C(=O)C=CC2=CC(=C(C=C2)O)OC)C3CCC(=C)C=C3,5.211569424884511,6143.708125622499
"4,12,12-Trimethyl-9-methylene-5-oxatricyclo(8.2.0.04,6)dodecane",14350,CC1(CC2C1CCC3(C(O3)CCC2=C)C)C,5.208778256304145,6183.320298271333
Caryophyllene oxide,1742210,CC1(CC2C1CCC3(C(O3)CCC2=C)C)C,5.208778256304145,6183.320298271333
"(1R,4R,5R,9S)-4,5-epoxycaryophyllan-8(13)-ene",1742211,CC1(CC2C1CCC3(C(O3)CCC2=C)C)C,5.208778256304145,6183.320298271333
beta-Caryophyllene epoxide,6604672,CC1(CC2C1CCC3(C(O3)CCC2=C)C)C,5.208778256304145,6183.320298271333
Npc16157,13240188,CC1(CC2C1CCC3(C(O3)CCC2=C)C)C,5.208778256304145,6183.320298271333
4-Hydroxybenzaldehyde,126,C1=CC(=CC=C1C=O)O,5.203732699853862,6255.575933346763
"1,7-Bis(4-hydroxyphenyl)-3-hydroxy-1,3-heptadien-5-one",10614892,C1=CC(=CC=C1CCC(=O)C=C(C=CC2=CC=C(C=C2)O)O)O,5.203445941544713,6259.707762797047
"5-Hydroxy-1,7-bis(4-hydroxyphenyl)-4,6-heptadiene-3-one",85206212,C1=CC(=CC=C1CCC(=O)C=C(C=CC2=CC=C(C=C2)O)O)O,5.203445941544713,6259.707762797047
Riboflavin,493570,CC1=CC2=C(C=C1C)N(C3=NC(=O)NC(=O)C3=N2)CC(C(C(CO)O)O)O,5.202267036638218,6276.723003931105
,102230695,CC1=CC(C(CC1O)C(C)CC(=O)C=C(C)C)OC2=CC=C(C=C2)C=CC(=O)C=C(C=CC3=CC(=C(C=C3)O)OC)O,5.199547450263845,6316.151663369681
"(6R)-2,2,6-trimethyl-6-(4-methylphenyl)oxane",11276006,CC1=CC=C(C=C1)C2(CCCC(O2)(C)C)C,5.191745366888955,6430.646448722631
"(2S,5S)-5-methyl-2-(4-methylphenyl)heptan-4-one",163103560,CCC(C)C(=O)CC(C)C1=CC=C(C=C1)C,5.191106836885084,6440.108187093037
"Cyclohexane, 1-ethenyl-1-methyl-2,4-bis(1-methylethenyl)-, (1R,2R,4S)-",9859094,CC(=C)C1CCC(C(C1)C(=C)C)(C)C=C,5.189468937214943,6464.4422907935295
Beta-Elemene,6918391,CC(=C)C1CCC(C(C1)C(=C)C)(C)C=C,5.189468937214943,6464.4422907935295
"(5S,6S,9R)-9-hydroxy-9-methyl-3-propan-2-ylidene-6-prop-1-en-2-yl-1-oxaspiro[4.4]nonan-2-one",102165195,CC(=C1CC2(C(CCC2(C)O)C(=C)C)OC1=O)C,5.189381591132798,6465.742561728956
"1,4,6-Heptatrien-3-one, 5-hydroxy-1,7-bis(4-hydroxyphenyl)-",468139,C1=CC(=CC=C1C=CC(=CC(=O)C=CC2=CC=C(C=C2)O)O)O,5.179666754472148,6612.006099447706
"(1E,4Z,6E)-5-Hydroxy-1,7-Bis(4-Hydroxyphenyl)Hepta-1,4,6-Trien-3-One",5324473,C1=CC(=CC=C1C=CC(=CC(=O)C=CC2=CC=C(C=C2)O)O)O,5.179666754472148,6612.006099447706
Sesquicineole,341779,CC(=CCCC1(C2CCC(O1)(CC2)C)C)C,5.175487357137226,6675.943351986048
3-(4-Hydroxy-3-Methoxyphenyl)Prop-2-Enoic Acid,709,COC1=C(C=CC(=C1)C=CC(=O)O)O,5.174151078833322,6696.516159334053
Ferulic Acid,445858,COC1=C(C=CC(=C1)C=CC(=O)O)O,5.174151078833322,6696.516159334053
beta-(Z)-Elemenone,22211636,CC(=C1CC(C(CC1=O)(C)C=C)C(=C)C)C,5.17196388523911,6730.326215397164
beta-Elemenone,10955018,CC(=C1CC(C(CC1=O)(C)C=C)C(=C)C)C,5.17196388523911,6730.326215397164
4-Isopropenyl-5-methyl-2-(1-methylethylidene)-5-vinylcyclohexanone,519762,CC(=C1CC(C(CC1=O)(C)C=C)C(=C)C)C,5.17196388523911,6730.326215397164
"Cyclohexanone, 5-ethenyl-5-methyl-4-(1-methylethenyl)-2-(1-methylethylidene)-, (4R,5S)-rel-",12314814,CC(=C1CC(C(CC1=O)(C)C=C)C(=C)C)C,5.17196388523911,6730.326215397164
"1-(4-Hydroxy-3-methoxyphenyl)-5-(4-hydroxyphenyl)penta-1,4-dien-3-one",85152062,COC1=C(C=CC(=C1)C=CC(=O)C=CC2=CC=C(C=C2)O)O,5.170305824239741,6756.070545871738
"(1E,4E)-1-(4-Hydroxy-3-methoxyphenyl)-5-(4-hydroxyphenyl)-1,4-pentadien-3-one",10469828,COC1=C(C=CC(=C1)C=CC(=O)C=CC2=CC=C(C=C2)O)O,5.170305824239741,6756.070545871738
"Pinocarveol, (+-)-",102667,CC1(C2CC1C(=C)C(C2)O)C,5.168819168708053,6779.2372235035655
"(1S,3R,5S)-2(10)-Pinen-3-ol",12314318,CC1(C2CC1C(=C)C(C2)O)C,5.168819168708053,6779.2372235035655
"Pinocarveol, trans-(-)-",1201530,CC1(C2CC1C(=C)C(C2)O)C,5.168819168708053,6779.2372235035655
Patchoulene,91746471,CC1CCC2=C1CC3CCC2(C3(C)C)C,5.168005984647366,6791.942731470695
beta-Patchoulene,101731,CC1CCC2=C1CC3CCC2(C3(C)C)C,5.168005984647366,6791.942731470695
Beta-Pinene,14896,CC1(C2CCC(=C)C1C2)C,5.167461855673898,6800.457711790321
"1,2,3,5-Tetramethylbenzene",10695,CC1=CC(=C(C(=C1)C)C)C,5.164413716307561,6848.35529647512
4-Hydroxybenzoic Acid,135,C1=CC(=CC=C1C(=O)O)O,5.163498468961326,6862.802977832787
"(4Z,6E)-5-Hydroxy-1,7-bis(4-hydroxy-3-methoxyphenyl)-4,6-heptadien-3-one",5372374,COC1=C(C=CC(=C1)CCC(=O)C=C(C=CC2=CC(=C(C=C2)O)OC)O)O,5.161056451788467,6901.500888181081
"5-Hydroxy-1,7-bis(4-hydroxy-3-methoxyphenyl)-4,6-heptadiene-3-one",586427,COC1=C(C=CC(=C1)CCC(=O)C=C(C=CC2=CC(=C(C=C2)O)OC)O)O,5.161056451788467,6901.500888181081
"Linalool, (+)-",67179,CC(=CCCC(C)(C=C)O)C,5.16090404775877,6903.923210280913
Linalool,6549,CC(=CCCC(C)(C=C)O)C,5.16090404775877,6903.923210280913
(-)-Linalool,443158,CC(=CCCC(C)(C=C)O)C,5.16090404775877,6903.923210280913
Npc197942,2734021,CC1=CC(C2CC1C2(C)C)O,5.159748689348008,6922.314245601799
Verbenol,61126,CC1=CC(C2CC1C2(C)C)O,5.159748689348008,6922.314245601799
"(E,Z)-Farnesol",1549109,CC(=CCCC(=CCCC(=CCO)C)C)C,5.158634916458344,6940.089697373007
"Farnesol, (2Z,6Z)-",1549107,CC(=CCCC(=CCCC(=CCO)C)C)C,5.158634916458344,6940.089697373007
a Farnesol,3327,CC(=CCCC(=CCCC(=CCO)C)C)C,5.158634916458344,6940.089697373007
Farnesol,445070,CC(=CCCC(=CCCC(=CCO)C)C)C,5.158634916458344,6940.089697373007
Dihydrocurcumin,10429233,COC1=C(C=CC(=C1)CCC(=O)CC(=O)C=CC2=CC(=C(C=C2)O)OC)O,5.158608727592143,6940.508211925314
"(1E,6E)-1-(3,4-dihydroxyphenyl)-7-(4-hydroxyphenyl)hepta-1,6-diene-3,5-dione",25055438,C1=CC(=CC=C1C=CC(=O)CC(=O)C=CC2=CC(=C(C=C2)O)O)O,5.157784870510321,6953.68685919095
"1-(4-Hydroxyphenyl)-7-(3,4-dihydroxyphenyl)-1,6-heptadiene-3,5-dione",68738786,C1=CC(=CC=C1C=CC(=O)CC(=O)C=CC2=CC(=C(C=C2)O)O)O,5.157784870510321,6953.68685919095
Bisabolocurcumin Ether,71463189,CC1=CC(C(CC1O)C(C)CC(=O)C=C(C)C)OC2=C(C=C(C=C2)C=CC(=CC(=O)C=CC3=CC(=C(C=C3)O)OC)O)OC,5.142424883796272,7204.023422976942
"p,alpha-DIMETHYLBENZYL ALCOHOL",10817,CC1=CC=C(C=C1)C(C)O,5.139244021372567,7256.980876357228
"1-p-Tolylethanol, (-)-",6993963,CC1=CC=C(C=C1)C(C)O,5.139244021372567,7256.980876357228
Tricyclene,79035,CC1(C2CC3C1(C3C2)C)C,5.133538009234487,7352.956399549071
"(1E,4Z,6E)-5-hydroxy-1-(4-hydroxy-3-methoxyphenyl)-7-[3-methoxy-4-[(2,2,6-trimethyl-1-oxaspiro[2.5]oct-5-en-4-yl)oxy]phenyl]hepta-1,4,6-trien-3-one",102230698,CC1=CC(C2(CC1)C(O2)(C)C)OC3=C(C=C(C=C3)C=CC(=CC(=O)C=CC4=CC(=C(C=C4)O)OC)O)OC,5.133079717836281,7360.719738556729
"(3S,3aR)-3,3a-dihydroxy-3,8-dimethyl-5-propan-2-ylidene-1,2,4,8a-tetrahydroazulen-6-one",102056122,CC1=CC(=O)C(=C(C)C)CC2(C1CCC2(C)O)O,5.129130998091639,7427.950516718035
Procurcumadiol,14633012,CC1=CC(=O)C(=C(C)C)CC2(C1CCC2(C)O)O,5.129130998091639,7427.950516718035
Coronarin E,9971144,CC1(CCCC2(C1CCC(=C)C2C=CC3=COC=C3)C)C,5.123314630606113,7528.099825926174
"1,5-Dihydroxy-1-(4-hydroxy-3-methoxyphenyl)-7-(4-hydroxyphenyl)hepta-4,6-dien-3-one",129864072,COC1=C(C=CC(=C1)C(CC(=O)C=C(C=CC2=CC=C(C=C2)O)O)O)O,5.115535519534894,7664.15854936099
"2-Cyclohexen-1-one, 4-(1,5-dimethyl-4-hexenyl)-",550361,CC(CCC=C(C)C)C1CCC(=O)C=C1,5.114978069311755,7674.002400050024
alpha-Patchoulene,521710,CC1CCC23C1CC(C2(C)C)CC=C3C,5.113844813384484,7694.053230739524
Farnesene,5281516,CC(=CCCC(=CCC=C(C)C=C)C)C,5.110482650842776,7753.849177484417
"1,4,6-Heptatrien-3-one, 5-hydroxy-1,7-bis(4-hydroxy-3-methoxyphenyl)-",442783,COC1=C(C=CC(=C1)C=CC(=CC(=O)C=CC2=CC(=C(C=C2)O)OC)O)O,5.107747435682406,7802.837532687813
"(1E,4Z,6E)-5-hydroxy-1,7-bis(4-hydroxy-3-methoxyphenyl)hepta-1,4,6-trien-3-one",5281767,COC1=C(C=CC(=C1)C=CC(=CC(=O)C=CC2=CC(=C(C=C2)O)OC)O)O,5.107747435682406,7802.837532687813
"1,4,6-Heptatrien-3-one, 1,7-bis(4-hydroxyphenyl)-, (1E,4E,6E)-",71346280,C1=CC(=CC=C1C=CC=CC(=O)C=CC2=CC=C(C=C2)O)O,5.107307631988078,7810.743354952844
"1,7-Bis(4-Hydroxyphenyl)-1,4,6-Heptatrien-3-One",10447050,C1=CC(=CC=C1C=CC=CC(=O)C=CC2=CC=C(C=C2)O)O,5.107307631988078,7810.743354952844
"(3s,5s,6s,8As)-3-methyl-8-methylidene-5-(propan-2-yl)octahydro-6h-3a,6-epoxyazulen-6-ol",160771,CC1CCC2C13CC(C(O3)(CC2=C)O)C(C)C,5.105971393058043,7834.812489122501
"(3S,3aS,5S,6R,8aS)-5-isopropyl-3-methyl-8-methyleneoctahydro-6H-3a,6-epoxyazulen-6-ol",3559861,CC1CCC2C13CC(C(O3)(CC2=C)O)C(C)C,5.105971393058043,7834.812489122501
"(1S,2S,5S,9S)-2-Methyl-6-methylidene-9-propan-2-yl-11-oxatricyclo[6.2.1.01,5]undecan-8-ol",21598795,CC1CCC2C13CC(C(O3)(CC2=C)O)C(C)C,5.105971393058043,7834.812489122501
(-)-Curcumol,14240392,CC1CCC2C13CC(C(O3)(CC2=C)O)C(C)C,5.105971393058043,7834.812489122501
"(1R,2S,5S,9S)-2-methyl-6-methylidene-9-propan-2-yl-11-oxatricyclo[6.2.1.01,5]undecan-8-ol",91746596,CC1CCC2C13CC(C(O3)(CC2=C)O)C(C)C,5.105971393058043,7834.812489122501
"(1S,2S,5S,8R,9R)-2-methyl-6-methylidene-9-propan-2-yl-11-oxatricyclo[6.2.1.01,5]undecan-8-ol",101286200,CC1CCC2C13CC(C(O3)(CC2=C)O)C(C)C,5.105971393058043,7834.812489122501
"(1S,2S,5S,9R)-2-methyl-6-methylidene-9-propan-2-yl-11-oxatricyclo[6.2.1.01,5]undecan-8-ol",57336521,CC1CCC2C13CC(C(O3)(CC2=C)O)C(C)C,5.105971393058043,7834.812489122501
Myricetin,5281672,C1=C(C=C(C(=C1O)O)O)C2=C(C(=O)C3=C(C=C(C=C3O2)O)O)O,5.105959891409444,7835.019985319463
Terpecurcumin D,71454270,CC(CC(=O)C=C(C)C)C1CC(C(C=C1)(C)O)OC2=C(C=C(C=C2)C=CC(=CC(=O)C=CC3=CC(=C(C=C3)O)OC)O)OC,5.105385064262357,7845.397193103014
alpha-CIS-BERGAMOTENE,6429303,CC1=CCC2CC1C2(C)CCC=C(C)C,5.090797357008489,8113.395427927239
alpha-Bergamotene,86608,CC1=CCC2CC1C2(C)CCC=C(C)C,5.090797357008489,8113.395427927239
Npc195717,6428986,CC1=CCC2CC1C2(C)CCC=C(C)C,5.090797357008489,8113.395427927239
Npc215012,91753502,CC1=CCC2CC1C2(C)CCC=C(C)C,5.090797357008489,8113.395427927239
"(1S)-1,5-dihydroxy-7-(4-hydroxy-3-methoxyphenyl)-1-(4-hydroxyphenyl)hepta-4,6-dien-3-one",162936395,COC1=C(C=CC(=C1)C=CC(=CC(=O)CC(C2=CC=C(C=C2)O)O)O)O,5.078802970882945,8340.594918293888
Bisacumol,5315469,CC1=CC=C(C=C1)C(C)CC(C=C(C)C)O,5.067928118997055,8552.082485066845
"(alphaR,gammaS)-gamma,4-Dimethyl-alpha-(2-methyl-1-propen-1-yl)benzenepropanol",11241433,CC1=CC=C(C=C1)C(C)CC(C=C(C)C)O,5.067928118997055,8552.082485066845
(6R)-2-methyl-6-(4-methylphenyl)hept-2-en-4-ol,11356422,CC1=CC=C(C=C1)C(C)CC(C=C(C)C)O,5.067928118997055,8552.082485066845
"Myrtenal, (A+-)-",1201529,CC1(C2CC=C(C1C2)C=O)C,5.064906557872835,8611.790221954676
Myrtenal,61130,CC1(C2CC=C(C1C2)C=O)C,5.064906557872835,8611.790221954676
p-Cumaroylferuloylmethan,129630417,COC1=C(C=CC(=C1)C=CC(=O)CC(=O)C=CC2=CC=C(C=C2)O)O,5.061899177427048,8671.631665356561
Demethoxycurcumin,5469424,COC1=C(C=CC(=C1)C=CC(=O)CC(=O)C=CC2=CC=C(C=C2)O)O,5.061899177427048,8671.631665356561
"1-(4-Hydroxy-3-methoxyphenyl)-7-(4-hydroxyphenyl)-1,6-heptadiene-3,5-dione",146723,COC1=C(C=CC(=C1)C=CC(=O)CC(=O)C=CC2=CC=C(C=C2)O)O,5.061899177427048,8671.631665356561
"disodium;2-methoxy-4-[(1Z,6E)-7-(3-methoxy-4-oxidophenyl)-3,5-dioxohepta-1,6-dienyl]phenolate",90471784,COC1=C(C=CC(=C1)C=CC(=O)CC(=O)C=CC2=CC(=C(C=C2)[O-])OC)[O-].[Na+].[Na+],5.042839859422816,9060.666398797686
Npc177377,6445487,COC1=C(C=CC(=C1)C=CC(=O)CC(=O)C=CC2=CC(=C(C=C2)[O-])OC)[O-].[Na+].[Na+],5.042839859422816,9060.666398797686
"Disodium;2-methoxy-4-[7-(3-methoxy-4-oxidophenyl)-3,5-dioxohepta-1,6-dienyl]phenolate",58766541,COC1=C(C=CC(=C1)C=CC(=O)CC(=O)C=CC2=CC(=C(C=C2)[O-])OC)[O-].[Na+].[Na+],5.042839859422816,9060.666398797686
Terpecurcumin I,71459741,CC1=CC(C(CC1)C(C)CC(=O)C=C(C)C)C2=C(C(=CC(=C2)C=CC(=CC(=O)C=CC3=CC(=C(C=C3)O)OC)O)OC)O,5.042184456554989,9074.35036236719
8-Hydroxy-ar-turmerone,102079805,CC1=CC=C(C=C1)C(C)C(C(=O)C=C(C)C)O,5.041140938046108,9096.180338074486
"(1E,6E)-1-(4-hydroxy-5-methoxycyclohexa-1,3-dien-1-yl)-7-(4-hydroxy-3-methoxyphenyl)hepta-1,6-diene-3,5-dione",87098904,COC1CC(=CC=C1O)C=CC(=O)CC(=O)C=CC2=CC(=C(C=C2)O)OC,5.040390749034847,9111.90642230586
"1,7-Bis(4-hydroxyphenyl)-1,6-Heptadiene-3,5-dione",147439,C1=CC(=CC=C1C=CC(=O)CC(=O)C=CC2=CC=C(C=C2)O)O,5.032990672704124,9268.497290175323
Bisdemethoxycurcumin,5315472,C1=CC(=CC=C1C=CC(=O)CC(=O)C=CC2=CC=C(C=C2)O)O,5.032990672704124,9268.497290175323
(+-)-alpha-Pinene,6654,CC1=CCC2CC1C2(C)C,5.029113517932116,9351.612053692392
"alpha-Pinene, (+)-",82227,CC1=CCC2CC1C2(C)C,5.029113517932116,9351.612053692392
L-alpha-Pinene,12223113,CC1=CCC2CC1C2(C)C,5.029113517932116,9351.612053692392
,5809667,C1=CC=C(C=C1)N=NC2=CC=C(C=C2)NN=C3C(=O)C=CC4=CC=CC=C43,5.0255408244204665,9428.859744075653
,5379348,C1=CC=C(C=C1)N=NC2=CC=C(C=C2)NN=C3C(=O)C=CC4=CC=CC=C43,5.0255408244204665,9428.859744075653
,6789251,C1=CC=C(C=C1)N=NC2=CC=C(C=C2)NN=C3C(=O)C=CC4=CC=CC=C43,5.0255408244204665,9428.859744075653
7-Epi-sesquithujene,56927990,CC1=CCC2(C1C2)C(C)CCC=C(C)C,5.021185566351146,9523.891380376974
Terpecurcumin F,71450687,CC(CC(=O)C=C(C)C)C1CC(C(C=C1)(C)OC2=C(C=C(C=C2)C=CC(=CC(=O)C=CC3=CC(=C(C=C3)O)OC)O)OC)O,5.017031257596717,9615.430704881037
"(1S,6R,7S)-6-methyl-7-(3-oxobutyl)bicyclo[4.1.0]heptan-3-one",163030927,CC(=O)CCC1C2C1(CCC(=O)C2)C,5.016385895271869,9629.72987261675
"7,11-Dimethyl-3-methylene-1,6,10-dodecatriene",10407,CC(=CCCC(=CCCC(=C)C=C)C)C,5.015629578466994,9646.514502031088
beta-Farnesene,5281517,CC(=CCCC(=CCCC(=C)C=C)C)C,5.015629578466994,9646.514502031088
"beta-Farnesene, (6Z)-",5317319,CC(=CCCC(=CCCC(=C)C=C)C)C,5.015629578466994,9646.514502031088
1-methyl-4-[(E)-6-methylhept-4-en-2-yl]benzene,5352479,CC1=CC=C(C=C1)C(C)CC=CC(C)C,5.008388434738704,9808.702562563285
Sesquisabinene,25202482,CC(CCC=C(C)C)C12CCC(=C)C1C2,5.008323300190983,9810.173760894108
"1,9-Bis(4-hydroxyphenyl)nona-1,6,8-triene-3,5-dione",162877104,C1=CC(=CC=C1C=CC=CC(=O)CC(=O)C=CC2=CC=C(C=C2)O)O,5.006436552573994,9852.885761497799
"1,5-Bis(4-hydroxy-3-methoxyphenyl)penta-1,4-dien-3-one",468133,COC1=C(C=CC(=C1)C=CC(=O)C=CC2=CC(=C(C=C2)O)OC)O,4.999330458566596,10015.428651172693
"1,5-Bis(4-Hydroxy-3-Methoxyphenyl)-1,4-Pentadien-3-One",6474893,COC1=C(C=CC(=C1)C=CC(=O)C=CC2=CC(=C(C=C2)O)OC)O,4.999330458566596,10015.428651172693
Npc108109,131752986,COC1=C(C=CC(=C1)C=CC(=O)C=CC2=CC(=C(C=C2)O)OC)O,4.999330458566596,10015.428651172693
"(1R,4S)-1,7,7-trimethylbicyclo[2.2.1]heptan-2-ol",12242824,CC1(C2CCC1(C(C2)O)C)C,4.9918388202459845,10189.694881345127
Npc152989,61060,CC1(C2CCC1(C(C2)O)C)C,4.9918388202459845,10189.694881345127
D-Borneol,6552009,CC1(C2CCC1(C(C2)O)C)C,4.9918388202459845,10189.694881345127
"(1S,2S)-1,7,7-trimethylbicyclo[2.2.1]heptan-2-ol",12242815,CC1(C2CCC1(C(C2)O)C)C,4.9918388202459845,10189.694881345127
Borneol,64685,CC1(C2CCC1(C(C2)O)C)C,4.9918388202459845,10189.694881345127
"(1R,2S,4S)-1,7,7-trimethylbicyclo(2.2.1)heptan-2-ol",10492,CC1(C2CCC1(C(C2)O)C)C,4.9918388202459845,10189.694881345127
Npc196490,439569,CC1(C2CCC1(C(C2)O)C)C,4.9918388202459845,10189.694881345127
"Borneol, (-)-",1201518,CC1(C2CCC1(C(C2)O)C)C,4.9918388202459845,10189.694881345127
"(2S,4R)-1,7,7-trimethylbicyclo(2.2.1)heptan-2-ol",44630107,CC1(C2CCC1(C(C2)O)C)C,4.9918388202459845,10189.694881345127
Npc189036,10049,CC1(C2CCC1(C(C2)O)C)C,4.9918388202459845,10189.694881345127
Npc219400,512289,CC1(C2CCC1(C(C2)O)C)C,4.9918388202459845,10189.694881345127
Isoborneol,6321405,CC1(C2CCC1(C(C2)O)C)C,4.9918388202459845,10189.694881345127
Exoborneol,230920,CC1(C2CCC1(C(C2)O)C)C,4.9918388202459845,10189.694881345127
Npc284731,657014,CC1(C2CCC1(C(C2)O)C)C,4.9918388202459845,10189.694881345127
Npc14682,6850744,CC1(C2CCC1(C(C2)O)C)C,4.9918388202459845,10189.694881345127
(+)-Isoborneol,6973640,CC1(C2CCC1(C(C2)O)C)C,4.9918388202459845,10189.694881345127
Npc308218,439568,CC1(C2CCC1(C(C2)O)C)C,4.9918388202459845,10189.694881345127
"(1E,6E)-1,7-bis(4-acetyl-3-methoxyphenyl)hepta-1,6-diene-3,5-dione",44582616,CC(=O)C1=C(C=C(C=C1)C=CC(=O)CC(=O)C=CC2=CC(=C(C=C2)C(=O)C)OC)OC,4.983122179083948,10396.276485902914
"1,5-Dihydroxy-1,7-bis(4-hydroxyphenyl)-4,6-heptadiene-3-one",129864102,C1=CC(=CC=C1C=CC(=CC(=O)CC(C2=CC=C(C=C2)O)O)O)O,4.982692745241261,10406.561491003828
"2-Pyrazoline, 1-isopropyl-3,4-dimethyl-",580360,CC1CN(N=C1C)C(C)C,4.9762890055756,10561.14473454784
(4S)-4-(4-methylphenyl)pentan-2-one,42077474,CC1=CC=C(C=C1)C(C)CC(=O)C,4.976016717526792,10567.768293622546
Citronellyl Acetate,9017,CC(CCC=C(C)C)CCOC(=O)C,4.9757802184085085,10573.52463778813
Dehydrozingerone,5354238,CC(=O)C=CC1=CC(=C(C=C1)O)OC,4.971506684343163,10678.083574870312
(S)-(+)-Curcumene,157009761,CC1=CC=C(C=C1)C(C)CCC=C,4.970705980267752,10697.788802536048
1-Hex-5-en-2-yl-4-methylbenzene,85871309,CC1=CC=C(C=C1)C(C)CCC=C,4.970705980267752,10697.788802536048
"1,7-bis(4-Hydroxy-3-methoxyphenyl)hepta-1,4,6-trien-3-one",85309552,COC1=C(C=CC(=C1)C=CC=CC(=O)C=CC2=CC(=C(C=C2)O)OC)O,4.970240015055339,10709.27288246792
"1,7-Bis(4-Hydroxy-3-Methoxyphenyl)-1,4,6-Heptatrien-3-One",10904292,COC1=C(C=CC(=C1)C=CC=CC(=O)C=CC2=CC(=C(C=C2)O)OC)O,4.970240015055339,10709.27288246792
4-Vinylguaiacol,332,COC1=C(C=CC(=C1)C=C)O,4.955033407918363,11090.894957429715
"1-Isopropyl-4,7-dimethyl-1,3,4,5,6,8a-hexahydro-4a(2H)-naphthalenol",519857,CC1CCC(C2C1(CCC(=C2)C)O)C(C)C,4.946471074045772,11311.727279858962
"(4Z,6E)-1,5-dihydroxy-1,7-bis(4-hydroxy-3-methoxyphenyl)hepta-4,6-dien-3-one",21637828,COC1=C(C=CC(=C1)C=CC(=CC(=O)CC(C2=CC(=C(C=C2)O)OC)O)O)O,4.944560153861748,11361.609178178858
"1,5-Dihydroxy-1,7-bis(4-hydroxy-3-methoxyphenyl)-4,6-heptadiene-3-one",73818349,COC1=C(C=CC(=C1)C=CC(=CC(=O)CC(C2=CC(=C(C=C2)O)OC)O)O)O,4.944560153861748,11361.609178178858
"Cyclohexene, 4-ethenyl-4-methyl-3-(1-methylethenyl)-1-(1-methylethyl)-, (3R-trans)-",89316,CC(C)C1=CC(C(CC1)(C)C=C)C(=C)C,4.943595553306857,11386.872207829741
"(E)-3-hydroxy-1,7-bis(4-hydroxyphenyl)hept-6-ene-1,5-dione",118314607,C1=CC(=CC=C1C=CC(=O)CC(CC(=O)C2=CC=C(C=C2)O)O)O,4.9411124458120685,11452.163881516417
"3-Hydroxy-1,7-bis-(4-hydroxyphenyl)-6-heptene-1,5-dione",91307775,C1=CC(=CC=C1C=CC(=O)CC(CC(=O)C2=CC=C(C=C2)O)O)O,4.9411124458120685,11452.163881516417
Citral,638011,CC(=CCCC(=CC=O)C)C,4.936373303506843,11577.817418681714
"3,7-Dimethylocta-2,6-Dienal",8843,CC(=CCCC(=CC=O)C)C,4.936373303506843,11577.817418681714
Neral,643779,CC(=CCCC(=CC=O)C)C,4.936373303506843,11577.817418681714
Citronellyl valerate,61416,CCCCC(=O)OCCC(C)CCC=C(C)C,4.933104037849533,11665.301342918781
"(1E)-7-Hydroxy-1,7-bis(4-hydroxy-3-methoxyphenyl)-1-heptene-3,5-dione",13888134,COC1=C(C=CC(=C1)C=CC(=O)CC(=O)CC(C2=CC(=C(C=C2)O)OC)O)O,4.927656360405851,11812.54945049592
"1-Hydroxy-1,7-bis(4-hydroxy-3-methoxyphenyl)-6-heptene-3,5-dione",68548065,COC1=C(C=CC(=C1)C=CC(=O)CC(=O)CC(C2=CC(=C(C=C2)O)OC)O)O,4.927656360405851,11812.54945049592
"(E,7S)-7-hydroxy-1,7-bis(4-hydroxy-3-methoxyphenyl)hept-1-ene-3,5-dione",163191279,COC1=C(C=CC(=C1)C=CC(=O)CC(=O)CC(C2=CC(=C(C=C2)O)OC)O)O,4.927656360405851,11812.54945049592
"(E,7R)-7-hydroxy-1,7-bis(4-hydroxy-3-methoxyphenyl)hept-1-ene-3,5-dione",162885404,COC1=C(C=CC(=C1)C=CC(=O)CC(=O)CC(C2=CC(=C(C=C2)O)OC)O)O,4.927656360405851,11812.54945049592
Npc131769,6432221,CC1=CC2C(CCC(C2CC1)(C)O)C(C)C,4.924076213254999,11910.329782813054
Cadin-4-en-10-ol,519662,CC1=CC2C(CCC(C2CC1)(C)O)C(C)C,4.924076213254999,11910.329782813054
Npc57877,6431302,CC1=CC2C(CCC(C2CC1)(C)O)C(C)C,4.924076213254999,11910.329782813054
Dihydroferulic Acid,14340,COC1=C(C=CC(=C1)CCC(=O)O)O,4.923134762390277,11936.176651985385
3-Heptyldihydro-5-methyl-2(3H)-furanone,61990,CCCCCCCC1CC(OC1=O)C,4.922468090064503,11954.513586440751
[6]-Dehydrogingerdione,9796015,CCCCCC(=O)CC(=O)C=CC1=CC(=C(C=C1)O)OC,4.910350368961253,12292.766463874259
"(3R,5S,8E)-5,9,14-Trimethyl-4,12-dioxatricyclo[9.3.0.03,5]tetradeca-1(11),8,13-trien-2-one",71694446,CC1=CCCC2(C(O2)C(=O)C3=C(C1)OC=C3C)C,4.908469375960511,12346.123701219936
"1-[3-(Dimethoxymethoxy)-4-hydroxyphenyl]-7-(4-hydroxy-3-methoxyphenyl)hepta-1,6-diene-3,5-dione",53442582,COC1=C(C=CC(=C1)C=CC(=O)CC(=O)C=CC2=CC(=C(C=C2)O)OC(OC)OC)O,4.896098935230725,12702.846927697406
Dimethoxycurcumin,9952605,COC1=C(C=C(C=C1)C=CC(=O)CC(=O)C=CC2=CC(=C(C=C2)OC)OC)OC,4.893018784033135,12793.259697655265
"1,7-Bis(4-hydroxy-3-methoxyphenyl)-1,6-heptadiene-3,5-dione",2889,COC1=C(C=CC(=C1)C=CC(=O)CC(=O)C=CC2=CC(=C(C=C2)O)OC)O,4.890923811753902,12855.121574581215
Curcumin,969516,COC1=C(C=CC(=C1)C=CC(=O)CC(=O)C=CC2=CC(=C(C=C2)O)OC)O,4.890923811753902,12855.121574581215
"1-(3,4-Dihydroxyphenyl)-7-(4-hydroxy-3-methoxyphenyl)hepta-1,6-diene-3,5-dione",390474,COC1=C(C=CC(=C1)C=CC(=O)CC(=O)C=CC2=CC(=C(C=C2)O)O)O,4.890923811753902,12855.121574581215
Demethylcurcumin,5469426,COC1=C(C=CC(=C1)C=CC(=O)CC(=O)C=CC2=CC(=C(C=C2)O)O)O,4.890923811753902,12855.121574581215
"Turmeronol B, (A+-)-",10955433,CC1=CC(=C(C=C1)C(C)CC(=O)C=C(C)C)O,4.886172753018026,12996.525013453103
(6S)-2-Methyl-6-(2-hydroxy-4-methylphenyl)-2-hepten-4-one,11770338,CC1=CC(=C(C=C1)C(C)CC(=O)C=C(C)C)O,4.886172753018026,12996.525013453103
4-Methyl-1-(6-methylhept-5-en-2-yl)cyclohex-3-en-1-ol,27208,CC1=CCC(CC1)(C(C)CCC=C(C)C)O,4.880013472638063,13182.158443678443
Ethinylestradiol,5991,CC12CCC3C(C1CCC2(C#C)O)CCC4=C3C=CC(=C4)O,4.879120482252621,13209.291303478365
Coniferaldehyde,5280536,COC1=C(C=CC(=C1)C=CC=O)O,4.865473715190242,13630.955023555929
Ctk0C7757,11736067,CC1=CC=C(C=C1)C(C)CC(=O)C=C(C)C,4.857849143212818,13872.376168661145
2-Methyl-6-(4-methylphenyl)hept-2-en-4-one,558221,CC1=CC=C(C=C1)C(C)CC(=O)C=C(C)C,4.857849143212818,13872.376168661145
(+)-Turmerone,160512,CC1=CC=C(C=C1)C(C)CC(=O)C=C(C)C,4.857849143212818,13872.376168661145
"7,8-Dihydro-8,8-dimethyl-2H,6H-benzo(1,2-b:5,4-b')dipyran-2,6-dione",177751,CC1(CC(=O)C2=C(O1)C=C3C(=C2)C=CC(=O)O3)C,4.842798626384403,14361.551952678758
"4,6,6-Trimethylbicyclo(3.1.1)hept-3-en-2-one",29025,CC1=CC(=O)C2CC1C2(C)C,4.837901346652331,14524.415134309598
Levoverbenone,92874,CC1=CC(=O)C2CC1C2(C)C,4.837901346652331,14524.415134309598
"Verbenone, (A+-)-",65724,CC1=CC(=O)C2CC1C2(C)C,4.837901346652331,14524.415134309598
Tetrahydrobisdemethoxycurcumin,9796792,C1=CC(=CC=C1CCC(=O)CC(=O)CCC2=CC=C(C=C2)O)O,4.835671259343468,14599.18932635056
Isobisabolene,21724304,CC(=CCCC(=C)C1CCC(=C)CC1)C,4.834724951459312,14631.034977081246
Tetramethylpyrazine hydrochloride,156709,CC1=C(N=C(C(=N1)C)C)C.Cl,4.833497016775838,14672.461655740988
Tetramethylpyrazine,14296,CC1=C(N=C(C(=N1)C)C)C,4.833497016775838,14672.461655740988
Sesquisabinene hydrate,20055539,CC(CCC=C(C)C)C12CCC(C1C2)(C)O,4.822247504336174,15057.486957444915
"(2R,5S)-2-methyl-5-(6-methylhept-5-en-2-yl)bicyclo(3.1.0)hexan-2-ol",6428435,CC(CCC=C(C)C)C12CCC(C1C2)(C)O,4.822247504336174,15057.486957444915
"(1S,2R)-2-methyl-5-[(2R)-6-methylhept-5-en-2-yl]bicyclo[3.1.0]hexan-2-ol",91753540,CC(CCC=C(C)C)C12CCC(C1C2)(C)O,4.822247504336174,15057.486957444915
"Hydron;2,3,5,6-tetramethylpyrazine;chloride",45108167,[H+].CC1=C(N=C(C(=N1)C)C)C.[Cl-],4.821555439423091,15081.500768783113
Dehydrodeguelin,3083803,CC1(C=CC2=C(O1)C=CC3=C2OC4=C(C3=O)C5=CC(=C(C=C5OC4)OC)OC)C,4.820892633722825,15104.535223138564
Chlorothalonil,15910,C(#N)C1=C(C(=C(C(=C1Cl)Cl)Cl)C#N)Cl,4.811626340424476,15430.274765541317
4-Methoxycinnamic Acid,699414,COC1=CC=C(C=C1)C=CC(=O)O,4.808664100714741,15535.881474660133
2-Methoxypyridine,74201,COC1=CC=CC=N1,4.806127845706367,15626.875578103203
Arachidonic Acid,444899,CCCCCC=CCC=CCC=CCC=CCCCC(=O)O,4.788948299814655,16257.422792189174
"2-Methyl-5-(6-methylhept-5-en-2-yl)cyclohexa-1,3-diene",521253,CC1=CCC(C=C1)C(C)CCC=C(C)C,4.787643789553051,16306.329373653365
Alpha-Zingiberene,11127403,CC1=CCC(C=C1)C(C)CCC=C(C)C,4.787643789553051,16306.329373653365
(-)-Zingiberene,92776,CC1=CCC(C=C1)C(C)CCC=C(C)C,4.787643789553051,16306.329373653365
delta-Curcumene,57386731,CC1=CCC(C=C1)C(C)CCC=C(C)C,4.787643789553051,16306.329373653365
Salicylate,54675850,C1=CC=C(C(=C1)C(=O)O)[O-],4.783690129733084,16455.45405472051
"1-(1,5-Dimethyl-4-hexen-1-yl)-4-methyl-1,4-cyclohexadiene",6428461,CC1=CCC(=CC1)C(C)CCC=C(C)C,4.782232860872045,16510.762835129226
alpha-Terpinyl acetate,111037,CC1=CCC(CC1)C(C)(C)OC(=O)C,4.780562369301751,16574.392938645233
"5,9-Dimethyldec-8-enoate",21612892,CC(CCCC(=O)[O-])CCC=C(C)C,4.780439162096505,16579.095679319547
Longipinocarvone,535296,CC1(CCCC2(C3C1C2C(=C)C(=O)C3)C)C,4.778266678518446,16662.23753691152
Germacrene B,5281519,CC1=CCCC(=CCC(=C(C)C)CC1)C,4.7772344716306385,16701.886512287147
Terpinolene,11463,CC1=CCC(=C(C)C)CC1,4.7772344716306385,16701.886512287147
Vanillin,1183,COC1=C(C=CC(=C1)C=O)O,4.767545720355593,17078.679147848718
Docusate,11339,CCCCC(CC)COC(=O)CC(C(=O)OCC(CC)CCCC)S(=O)(=O)O,4.764949072369789,17181.09849843926
(+)-beta-Cedrene,11106485,CC1CCC2C13CCC(=C)C(C3)C2(C)C,4.75892566948516,17421.0501321879
"2-((2-((6-Bromohexyl)oxy)ethoxy)methyl)-1,3-dichlorobenzene",66844903,C1=CC(=C(C(=C1)Cl)COCCOCCCCCCBr)Cl,4.758396938117992,17442.272287451535
Yakuchinone B,6440365,COC1=C(C=CC(=C1)C=CC(=O)CCCCC2=CC=CC=C2)O,4.75710489364852,17494.241052230307
Germacrone,6436348,CC1=CCC(=C(C)C)C(=O)CC(=CCC1)C,4.753405716842215,17643.887628686403
"1-(3-Cyclopentylpropyl)-2,4-dimethylbenzene",576612,CC1=CC(=C(C=C1)CCCC2CCCC2)C,4.753242365215797,17650.52529037225
Tetrahydrocurcumin,124072,COC1=C(C=CC(=C1)CCC(=O)CC(=O)CCC2=CC(=C(C=C2)O)OC)O,4.750574957689123,17759.267231735575
Linoleic Acid,5280450,CCCCCC=CCC=CCCCCCCCC(=O)O,4.736305748519507,18352.458533645862
Linolenic Acid,5280934,CCC=CCC=CCC=CCCCCCCCC(=O)O,4.736305748519507,18352.458533645862
"3,4,5-Trimethyl-2-cyclopenten-1-one",41520,CC1C(C(=O)C=C1C)C,4.7353428033180025,18393.195911856314
"alpha,4-Dimethyl-alpha-(4-methyl-3-penten-1-yl)-3-cyclohexene-1-methanol",10586,CC1=CCC(CC1)C(C)(CCC=C(C)C)O,4.728982966397107,18664.528941455126
Levomenol,442343,CC1=CCC(CC1)C(C)(CCC=C(C)C)O,4.728982966397107,18664.528941455126
Bisabolol,1549992,CC1=CCC(CC1)C(C)(CCC=C(C)C)O,4.728982966397107,18664.528941455126
9-Hexadecenoic acid,4668,CCCCCCC=CCCCCCCCC(=O)O,4.714558878416993,19294.83733397588
Palmitoleic Acid,445638,CCCCCCC=CCCCCCCCC(=O)O,4.714558878416993,19294.83733397588
Elaidic Acid,637517,CCCCCCCCC=CCCCCCCCC(=O)O,4.714558878416993,19294.83733397588
Oleic Acid,445639,CCCCCCCCC=CCCCCCCCC(=O)O,4.714558878416993,19294.83733397588
Palmitelaidic acid,5282745,CCCCCCC=CCCCCCCCC(=O)O,4.714558878416993,19294.83733397588
cis-11-Eicosenoic acid,5282768,CCCCCCCCC=CCCCCCCCCCC(=O)O,4.714558878416993,19294.83733397588
Npc146197,13011408,CCCCCCCCC=CCCCCCCCC(=O)O,4.714558878416993,19294.83733397588
beta-Spathulenol,522266,CC1(C2C1C3C(CCC3(C)O)C(=C)CC2)C,4.711835072627833,19416.23087043897
"1H-Cycloprop(e)azulen-7-ol, decahydro-1,1,7-trimethyl-4-methylene-, (1ar-(1aalpha,4aalpha,7beta,7abeta,7balpha))-",6432640,CC1(C2C1C3C(CCC3(C)O)C(=C)CC2)C,4.711835072627833,19416.23087043897
Npc143639,6432706,CC1(C2C1C3C(CCC3(C)O)C(=C)CC2)C,4.711835072627833,19416.23087043897
"Spathulenol, (-)-",13854255,CC1(C2C1C3C(CCC3(C)O)C(=C)CC2)C,4.711835072627833,19416.23087043897
Spathulenol,92231,CC1(C2C1C3C(CCC3(C)O)C(=C)CC2)C,4.711835072627833,19416.23087043897
"1,8-Cineole",2758,CC1(C2CCC(O1)(CC2)C)C,4.71028213222163,19485.783268392246
Isoeugenol,853433,CC=CC1=CC(=C(C=C1)O)OC,4.70899331105568,19543.69556476686
(-)-Isocaryophyllene,5281522,CC1=CCCC(=C)C2CC(C2CC1)(C)C,4.70450098591372,19746.903965603764
(+)-beta-Caryophyllene,20831623,CC1=CCCC(=C)C2CC(C2CC1)(C)C,4.70450098591372,19746.903965603764
(-)-Caryophyllene,5281515,CC1=CCCC(=C)C2CC(C2CC1)(C)C,4.70450098591372,19746.903965603764
"4,11,11-Trimethyl-8-methylenebicyclo(7.2.0)undec-4-ene",26318,CC1=CCCC(=C)C2CC(C2CC1)(C)C,4.70450098591372,19746.903965603764
"(4Z)-4,11,11-trimethyl-8-methylidenebicyclo(7.2.0)undec-4-ene",5322111,CC1=CCCC(=C)C2CC(C2CC1)(C)C,4.70450098591372,19746.903965603764
"Caryophyllene,alpha + beta mixt.",5354499,CC1=CCCC(=C)C2CC(C2CC1)(C)C,4.70450098591372,19746.903965603764
(Z)-caryophyllene,6429301,CC1=CCCC(=C)C2CC(C2CC1)(C)C,4.70450098591372,19746.903965603764
trans-2-Icosenoic acid,6438157,CCCCCCCCCCCCCCCCCC=CC(=O)O,4.701917104976834,19864.740451253892
Heptadecaenoic acid,117769,CCCCCCCCCCCCCCC=CC(=O)O,4.701917104976834,19864.740451253892
2-Heptadecenoic acid,5282747,CCCCCCCCCCCCCCC=CC(=O)O,4.701917104976834,19864.740451253892
Icos-2-enoic acid,3035221,CCCCCCCCCCCCCCCCCC=CC(=O)O,4.701917104976834,19864.740451253892
"Eicosenoic acid, (Z)-",46234793,CCCCCCCCCCCCCCCCCC=CC(=O)O,4.701917104976834,19864.740451253892
"6-[(1R,5S)-5-hydroxy-4-methoxy-4-methylcyclohex-2-en-1-yl]-2-methylhept-2-en-4-one",5319444,CC(CC(=O)C=C(C)C)C1CC(C(C=C1)(C)OC)O,4.698145809232821,20037.991625625822
6-(5-Hydroxy-4-methoxy-4-methylcyclohex-2-en-1-yl)-2-methylhept-2-en-4-one,14633007,CC(CC(=O)C=C(C)C)C1CC(C(C=C1)(C)OC)O,4.698145809232821,20037.991625625822
(R)-beta-bisabolene,68128,CC1=CCC(CC1)C(=C)CCC=C(C)C,4.696628600950421,20108.11679275136
Beta-Bisabolene,10104370,CC1=CCC(CC1)C(=C)CCC=C(C)C,4.696628600950421,20108.11679275136
"1-Methyl-4-(6-Methylhepta-1,5-Dien-2-Yl)Cyclohexene",403919,CC1=CCC(CC1)C(=C)CCC=C(C)C,4.696628600950421,20108.11679275136
gamma-Bisabolene,62346,CC1=CCC(=C(C)CCC=C(C)C)CC1,4.691777415695883,20333.989001013706
"gamma-Bisabolene, (Z)-",3033866,CC1=CCC(=C(C)CCC=C(C)C)CC1,4.691777415695883,20333.989001013706
"gamma-BISABOLENE, (E)-",5352437,CC1=CCC(=C(C)CCC=C(C)C)CC1,4.691777415695883,20333.989001013706
Pyridoxine,1054,CC1=NC=C(C(=C1O)CO)CO,4.687541941356685,20533.267198460955
Cedrene,521207,CC1CCC2C13CC=C(C(C3)C2(C)C)C,4.6839973256039,20701.540968116293
"(1S,2R,5S,7R)-2,6,6,8-tetramethyltricyclo[5.3.1.01,5]undec-8-ene",12302594,CC1CCC2C13CC=C(C(C3)C2(C)C)C,4.6839973256039,20701.540968116293
(-)-Cedrene,6431015,CC1CCC2C13CC=C(C(C3)C2(C)C)C,4.6839973256039,20701.540968116293
Npc294136,14757966,CC1(CC2C1CCC(=C)CCCC2=C)C,4.683897475140428,20706.301093302394
"1,3-Dimethyl-8-(1-methylethyl)tricyclo(4.4.0.02,7)dec-3-ene",19725,CC1=CCC2C3C1C2(CCC3C(C)C)C,4.680032500067116,20891.397859621135
Artemisia ketone,68346,CC(=CC(=O)C(C)(C)C=C)C,4.669755306666699,21391.670149542628
Piperitenone,381152,CC1=CC(=O)C(=C(C)C)CC1,4.669215838497331,21418.258780049342
"[(2R)-3-hydroxy-2-[(E)-3-methylsulfanylprop-2-enoyl]oxypropyl] (2Z,4E,11E)-trideca-2,4,11-trienoate",162965995,CC=CCCCCCC=CC=CC(=O)OCC(CO)OC(=O)C=CSC,4.662751681963304,21739.438268475486
"Carbamic acid, methyl-, 3-(dimethylamino)-p-tolyl ester",26479,CC1=C(C=C(C=C1)OC(=O)NC)N(C)C,4.65487774282062,22137.178001928656
Vanillic Acid,8468,COC1=C(C=CC(=C1)C(=O)O)O,4.647284820708303,22527.613128360324
Sabinene,18818,CC(C)C12CCC(=C)C1C2,4.6403809467862045,22888.590708747233
(-)-Sabinene,11051711,CC(C)C12CCC(=C)C1C2,4.6403809467862045,22888.590708747233
(+)-Sabinene,10887971,CC(C)C12CCC(=C)C1C2,4.6403809467862045,22888.590708747233
cis-beta-Copaene,87529,CC(C)C1CCC2(C3C1C2C(=C)CC3)C,4.634699666075864,23189.977855556484
"[(2R)-4-oxo-4-[(4E,6E,8E,11E)-trideca-4,6,8,11-tetraenoxy]butan-2-yl] (3R)-3-hydroxybutanoate",14258872,CC=CCC=CC=CC=CCCCOC(=O)CC(C)OC(=O)CC(C)O,4.632948714958911,23283.66193936835
Cedrenol,119831,CC1CCC2C13CC(C2(C)C)C(=C)C(C3)O,4.622457092756969,23852.994456325545
Cedr-8(15)-en-9-ol,21119906,CC1CCC2C13CC(C2(C)C)C(=C)C(C3)O,4.622457092756969,23852.994456325545
Hexahydrocurcumin,5318039,COC1=C(C=CC(=C1)CCC(CC(=O)CCC2=CC(=C(C=C2)O)OC)O)O,4.6206909670288185,23950.19385434903
"(S)-5-Hydroxy-1,7-bis(4-hydroxy-3-methoxyphenyl)heptan-3-one",13347318,COC1=C(C=CC(=C1)CCC(CC(=O)CCC2=CC(=C(C=C2)O)OC)O)O,4.6206909670288185,23950.19385434903
Toluene,1140,CC1=CC=CC=C1,4.614891859580512,24272.144023398567
"(6E)-6,10-dimethyl-3-propan-2-ylcyclodec-6-ene-1,4-dione",5316216,CC1CCC=C(CC(=O)C(CC1=O)C(C)C)C,4.609688529628815,24564.700325402224
Neocurdione,24836956,CC1CCC=C(CC(=O)C(CC1=O)C(C)C)C,4.609688529628815,24564.700325402224
"Germacr-1(10)-ene-5,8-dione",5362828,CC1CCC=C(CC(=O)C(CC1=O)C(C)C)C,4.609688529628815,24564.700325402224
"(3S,10S)-3-Isopropyl-6,10-Dimethylcyclodec-6-Ene-1,4-Dione",6441391,CC1CCC=C(CC(=O)C(CC1=O)C(C)C)C,4.609688529628815,24564.700325402224
"6,10-Dimethyl-3-propan-2-ylcyclodec-6-ene-1,4-dione",518796,CC1CCC=C(CC(=O)C(CC1=O)C(C)C)C,4.609688529628815,24564.700325402224
Yakuchinone A,133145,COC1=C(C=CC(=C1)CCC(=O)CCCCC2=CC=CC=C2)O,4.60614247233859,24766.09461020859
"(1R,2S,5S,8S)-2,6-dimethyl-9-propan-2-ylidene-11-oxatricyclo[6.2.1.01,5]undec-6-en-8-ol",92281781,CC1CCC2C13CC(=C(C)C)C(O3)(C=C2C)O,4.605035167891155,24829.320366134176
"(3S,3aS,6R,8aS)-3,8-Dimethyl-5-(propan-2-ylidene)-2,3,4,5,6,8a-hexahydro-1H-3a,6-epoxyazulen-6-ol",387977,CC1CCC2C13CC(=C(C)C)C(O3)(C=C2C)O,4.605035167891155,24829.320366134176
"(1R,2S,5R,8S)-2,6-Dimethyl-9-propan-2-ylidene-11-oxatricyclo[6.2.1.01,5]undec-6-en-8-ol",92281783,CC1CCC2C13CC(=C(C)C)C(O3)(C=C2C)O,4.605035167891155,24829.320366134176
"(1S,2S,5S,8S)-2,6-dimethyl-9-propan-2-ylidene-11-oxatricyclo[6.2.1.01,5]undec-6-en-8-ol",12304275,CC1CCC2C13CC(=C(C)C)C(O3)(C=C2C)O,4.605035167891155,24829.320366134176
Curcumenol,167812,CC1CCC2C13CC(=C(C)C)C(O3)(C=C2C)O,4.605035167891155,24829.320366134176
"(3R,3aS,6R,8aS)-1,2,3,4,5,8a-Hexahydro-3,8-dimethyl-5-(1-methylethylidene)-6H-3a,6-epoxyazulen-6-ol",11128245,CC1CCC2C13CC(=C(C)C)C(O3)(C=C2C)O,4.605035167891155,24829.320366134176
"3-((1S)-1,5-Dimethyl-4-hexenyl)-6-methylene-1-cyclohexene, (3R)-",91746521,CC(CCC=C(C)C)C1CCC(=C)C=C1,4.598889168861029,25183.195161890166
Sesquiphellandrene,519764,CC(CCC=C(C)C)C1CCC(=C)C=C1,4.598889168861029,25183.195161890166
beta-Sesquiphellandrene,12315492,CC(CCC=C(C)C)C1CCC(=C)C=C1,4.598889168861029,25183.195161890166
"1,7-Bis(4-hydroxyphenyl)-3,5-heptanediol",14427394,C1=CC(=CC=C1CCC(CC(CCC2=CC=C(C=C2)O)O)O)O,4.598676777619338,25195.513987967548
"4-Terpineol, (-)-",5325830,CC1=CCC(CC1)(C(C)C)O,4.595255829580177,25394.76337114672
Terpinen-4-ol,11230,CC1=CCC(CC1)(C(C)C)O,4.595255829580177,25394.76337114672
"4-Terpineol, (+)-",2724161,CC1=CCC(CC1)(C(C)C)O,4.595255829580177,25394.76337114672
(-)-Humulene epoxide II,10704181,CC1=CCC(C=CCC2(C(O2)CC1)C)(C)C,4.594892745572589,25416.003078770726
"1,3-Dicyclopentylcyclopentane",138647,C1CCC(C1)C2CCC(C2)C3CCCC3,4.5910440824287875,25642.237455114995
Npc37409,226036,CC12CCC3C(=O)OC(CC3(C1C4C=CC2(C(=O)O4)O)C)C5=COC=C5,4.584527602059029,26029.89390289782
Tinosporin,442015,CC12CCC3C(=O)OC(CC3(C1C4C=CC2(C(=O)O4)O)C)C5=COC=C5,4.584527602059029,26029.89390289782
SureCN2153783,18502774,CC12CCC3C(=O)OC(CC3(C1C4C=CC2(C(=O)O4)O)C)C5=COC=C5,4.584527602059029,26029.89390289782
"3,7-Dimethyl-4-(propan-2-yl)-3a,3b,4,5,6,7-hexahydro-1H-cyclopenta(1,3)cyclopropa(1,2)benzene",86609,CC1CCC(C2C13C2C(=CC3)C)C(C)C,4.584128946928723,26053.79868486333
"(6S,7R,10S)-4,10-dimethyl-7-propan-2-yltricyclo[4.4.0.01,5]dec-3-ene",91747196,CC1CCC(C2C13C2C(=CC3)C)C(C)C,4.584128946928723,26053.79868486333
Sabinene hydrate isomer,67159878,CC(C)C12CCC(C1C2)(C)O,4.569900482139638,26921.516353342624
2-Methyl-5-(1-methylethyl)bicyclo(3.1.0)hexan-2-ol,62367,CC(C)C12CCC(C1C2)(C)O,4.569900482139638,26921.516353342624
cis-Sabinene hydrate,11744854,CC(C)C12CCC(C1C2)(C)O,4.569900482139638,26921.516353342624
Curzerenone,3081930,CC1=COC2=C1C(=O)C(C(C2)(C)C=C)C(=C)C,4.569213100965223,26964.160219956277
CID 10396829,10396829,C1=CC=C(C=C1)CC#N,4.56284706620297,27362.32101877124
Citronellol,8842,CC(CCC=C(C)C)CCO,4.560968159150714,27480.956258236063
"Beta-citronellol, (S)-",7793,CC(CCC=C(C)C)CCO,4.560968159150714,27480.956258236063
"beta-CITRONELLOL, (R)-",101977,CC(CCC=C(C)C)CCO,4.560968159150714,27480.956258236063
"Cyclohexene, 4-((1Z)-1,5-dimethyl-1,4-hexadienyl)-1-methyl-, (4S)-",24798702,CC1=CCC(CC1)C(=CCC=C(C)C)C,4.557118130914222,27725.658461926585
(Z)-alpha-Bisabolene,5352653,CC1=CCC(CC1)C(=CCC=C(C)C)C,4.557118130914222,27725.658461926585
Furfuryl Alcohol,7361,C1=COC(=C1)CO,4.553768409758356,27940.333797783867
Zingiberenol,13213649,CC(CCC=C(C)C)C1CCC(C=C1)(C)O,4.55019773907277,28170.999824898783
alpha-Thujene,17868,CC1=CCC2(C1C2)C(C)C,4.532048164461536,29373.23876539511
Myrcene,31253,CC(=CCCC(=C)C=C)C,4.530281358167008,29492.97901654036
"1,4-Cyclohex-2-enedione",138275,C1CC(=O)C=CC1=O,4.529877428460873,29520.422681243344
2-Methyl-6-(trans-4'-methylcyclohexyl)-2-hepten-4-one,54217771,CC1CCC(CC1)C(C)CC(=O)C=C(C)C,4.514484259591173,30585.510974982422
(-)-beta-Sitosterol,222284,CCC(CCC(C)C1CCC2C1(CCC3C2CC=C4C3(CCC(C4)O)C)C)C(C)C,4.5122422421159945,30743.8149840075
"17-(5-ethyl-6-methylheptan-2-yl)-10,13-dimethyl-2,3,4,7,8,9,11,12,14,15,16,17-dodecahydro-1H-cyclopenta(a)phenanthren-3-ol",86821,CCC(CCC(C)C1CCC2C1(CCC3C2CC=C4C3(CCC(C4)O)C)C)C(C)C,4.5122422421159945,30743.8149840075
Beta-Alanine,239,C(CN)C(=O)O,4.507898973910285,31052.81858410857
Polycyclic Sesquiterpenes,177131,CC1CCCC(C2CC(C2CC1)(C)C)C,4.50694104589309,31121.38771461266
"Carvone, (+-)-",7439,CC1=CCC(CC1=O)C(=C)C,4.502958079760177,31408.11845855117
"Carvone, (+)-",16724,CC1=CCC(CC1=O)C(=C)C,4.502958079760177,31408.11845855117
"Carvone, (-)-",439570,CC1=CCC(CC1=O)C(=C)C,4.502958079760177,31408.11845855117
Citronellal,7794,CC(CCC=C(C)C)CC=O,4.500493518717654,31586.861873697722
"6-Octenal, 3,7-dimethyl-, (3R)-",75427,CC(CCC=C(C)C)CC=O,4.500493518717654,31586.861873697722
(S)-(-)-Citronellal,443157,CC(CCC=C(C)C)CC=O,4.500493518717654,31586.861873697722
Dehydrocurdione,10421549,CC1CCC=C(CC(=O)C(=C(C)C)CC1=O)C,4.499739037113278,31641.78409841551
Npc69267,14191392,CC1CCC=C(CC(=O)C(=C(C)C)CC1=O)C,4.499739037113278,31641.78409841551
"6-(4,5-Dihydroxy-4-methylcyclohex-2-EN-1-YL)-2-methylhept-2-EN-4-one",14287395,CC(CC(=O)C=C(C)C)C1CC(C(C=C1)(C)O)O,4.494492230386672,32026.37389926587
Bisacurone,14287397,CC(CC(=O)C=C(C)C)C1CC(C(C=C1)(C)O)O,4.494492230386672,32026.37389926587
Cyclooctanone,10403,C1CCCC(=O)CCC1,4.491727658670757,32230.89321824339
L-Octanoylcarnitine,11953814,CCCCCCCC(=O)OC(CC(=O)[O-])C[N+](C)(C)C,4.486119673541907,32649.78505129112
Eugenol,3314,COC1=C(C=CC(=C1)CC=C)O,4.473509748484345,33611.68242439055
"beta-OCIMENE, (3E)-",5281553,CC(=CCC=C(C)C=C)C,4.472759180504468,33669.82192689269
"beta-Ocimene, (3Z)-",5320250,CC(=CCC=C(C)C=C)C,4.472759180504468,33669.82192689269
,5858445,C1=CC=C(C=C1)NN=C2C(=O)C=CC3=CC=CC=C32,4.471089582175126,33799.51105672084
"Bicyclo[3.1.0]hexan-3-ol, 4-methylene-1-(1-methylethyl)-, [1S-(1alpha,3alpha,5alpha)]-(9CI)",12315160,CC(C)C12CC1C(=C)C(C2)O,4.471037444165541,33803.56900608348
Sabinol,94147,CC(C)C12CC1C(=C)C(C2)O,4.471037444165541,33803.56900608348
(-)-cis-Sabinol,42626427,CC(C)C12CC1C(=C)C(C2)O,4.471037444165541,33803.56900608348
p-MENTHAN-8-OL,10353,CC1CCC(CC1)C(C)(C)O,4.45826919885847,34812.14639141647
gamma-Cadinene,6432404,CC1=CC2C(CC1)C(=C)CCC2C(C)C,4.454103934113348,35147.631615572
Methyl Benzoate,7150,COC(=O)C1=CC=CC=C1,4.441856145516063,36152.959485583815
Alpha-Terpineol,17100,CC1=CCC(CC1)C(C)(C)O,4.437694637129362,36501.05043628304
(L)-alpha-terpineol,443162,CC1=CCC(CC1)C(C)(C)O,4.437694637129362,36501.05043628304
(+)-alpha-Terpineol,442501,CC1=CCC(CC1)C(C)(C)O,4.437694637129362,36501.05043628304
(+)-3-Carene,443156,CC1=CCC2C(C1)C2(C)C,4.428858840594807,37251.276497801606
3-Carene,26049,CC1=CCC2C(C1)C2(C)C,4.428858840594807,37251.276497801606
(-)-3-Carene,442461,CC1=CCC2C(C1)C2(C)C,4.428858840594807,37251.276497801606
Succinic Acid,1110,C(CC(=O)O)C(=O)O,4.418451981424712,38154.697839699475
Carvacrol,10364,CC1=C(C=C(C=C1)C(C)C)O,4.410763450745542,38836.183929545696
4-[(2S)-6-methyl-4-oxohept-5-en-2-yl]benzaldehyde,16743816,CC(CC(=O)C=C(C)C)C1=CC=C(C=C1)C=O,4.405073040545927,39348.38929540697
CID 60110176,60110176,CCCCC(CC)COC(=[OH+])CC(C(=O)OCC(CC)CCCC)S(=O)(=O)[O-],4.403949064588429,39450.35679711831
Turmeronol A,11117927,CC1=C(C=C(C=C1)C(C)CC(=O)C=C(C)C)O,4.393106870029218,40447.63469880879
Phenol,996,C1=CC=C(C=C1)O,4.392600918216288,40494.783534820876
(+)-alpha-Muurolene,12306049,CC1=CC2C(CC1)C(=CCC2C(C)C)C,4.392168231549669,40535.14850577009
"1,2,4a,5,6,8a-Hexahydro-4,7-dimethyl-1-(1-methylethyl)naphthalene",101708,CC1=CC2C(CC1)C(=CCC2C(C)C)C,4.392168231549669,40535.14850577009
6-(4-Hydroxy-3-methylphenyl)-2-methylhept-2-EN-4-one,16743815,CC1=C(C=CC(=C1)C(C)CC(=O)C=C(C)C)O,4.385175337501497,41193.117674582776
Palmitic Acid,985,CCCCCCCCCCCCCCCC(=O)O,4.377837675393591,41895.0125261894
Decanoic Acid,2969,CCCCCCCCCC(=O)O,4.377837675393591,41895.0125261894
Lauric Acid,3893,CCCCCCCCCCCC(=O)O,4.377837675393591,41895.0125261894
Stearic Acid,5281,CCCCCCCCCCCCCCCCCC(=O)O,4.377837675393591,41895.0125261894
Tricosanoic Acid,17085,CCCCCCCCCCCCCCCCCCCCCCC(=O)O,4.377837675393591,41895.0125261894
Npc283274,11252659,CCCCCCCCCCCC(=O)O,4.377837675393591,41895.0125261894
Tetracosanoic Acid,11197,CCCCCCCCCCCCCCCCCCCCCCCC(=O)O,4.377837675393591,41895.0125261894
(1-~13~C)Tetracosanoic acid,16213616,CCCCCCCCCCCCCCCCCCCCCCCC(=O)O,4.377837675393591,41895.0125261894
Pentadecanoic Acid,13849,CCCCCCCCCCCCCCC(=O)O,4.377837675393591,41895.0125261894
Octanoic Acid,379,CCCCCCCC(=O)O,4.377837675393591,41895.0125261894
Heptadecanoic Acid,10465,CCCCCCCCCCCCCCCCC(=O)O,4.377837675393591,41895.0125261894
Docosanoic Acid,8215,CCCCCCCCCCCCCCCCCCCCCC(=O)O,4.377837675393591,41895.0125261894
Myristic Acid,11005,CCCCCCCCCCCCCC(=O)O,4.377837675393591,41895.0125261894
Eicosanoic Acid,10467,CCCCCCCCCCCCCCCCCCCC(=O)O,4.377837675393591,41895.0125261894
Stigmasterol,5280794,CCC(C=CC(C)C1CCC2C1(CCC3C2CC=C4C3(CCC(C4)O)C)C)C(C)C,4.375953758146015,42077.14279753154
Alloaromadendren,91746537,CC1CCC2C1C3C(C3(C)C)CCC2=C,4.375356504900808,42135.04820334512
Alloaromadendrene,10899740,CC1CCC2C1C3C(C3(C)C)CCC2=C,4.375356504900808,42135.04820334512
"1H-Cycloprop(e)azulene, decahydro-1,1,7-trimethyl-4-methylene-, (1aR-(1aalpha,4abeta,7alpha,7abeta,7balpha))-",91354,CC1CCC2C1C3C(C3(C)C)CCC2=C,4.375356504900808,42135.04820334512
"(1aR,4aR,7S,7aS,7bS)-1,1,7-trimethyl-4-methylidene-2,3,4a,5,6,7,7a,7b-octahydro-1aH-cyclopropa(e)azulene",44584667,CC1CCC2C1C3C(C3(C)C)CCC2=C,4.375356504900808,42135.04820334512
[-]-Isoaromadendrene[V],21775889,CC1CCC2C1C3C(C3(C)C)CCC2=C,4.375356504900808,42135.04820334512
Allo-Aromadendrene,42608158,CC1CCC2C1C3C(C3(C)C)CCC2=C,4.375356504900808,42135.04820334512
alpha-Aromadendrene,91748750,CC1CCC2C1C3C(C3(C)C)CCC2=C,4.375356504900808,42135.04820334512
"3-Hexadecene, (3Z)-",5364494,CCCCCCCCCCCCC=CCC,4.374097358271431,42257.387285099816
22-Docosanolide,22715389,C1CCCCCCCCCCC(=O)OCCCCCCCCCC1,4.3408281961123665,45621.73566833752
cis-Anethole,1549040,CC=CC1=CC=C(C=C1)OC,4.338472653849799,45869.85276846852
1-Ethyl-4-isobutylbenzene,576929,CCC1=CC=C(C=C1)CC(C)C,4.331299482515778,46633.76904120158
3-Hydroxy-7-methoxy-5-methyl-8-propan-2-ylnaphthalene-2-carbaldehyde,5319445,CC1=CC(=C(C2=C1C=C(C(=C2)C=O)O)C(C)C)OC,4.3278720493463325,47003.25679188864
(+)-alpha-Phellandrene,443160,CC1=CCC(C=C1)C(C)C,4.309966955648584,48981.60867983335
alpha-PHELLANDRENE,7460,CC1=CCC(C=C1)C(C)C,4.309966955648584,48981.60867983335
"1,2-Longidione",534856,CC1(CCCC2(C3C1C(CC3)C(=O)C2=O)C)C,4.307683455900224,49239.82991327447
Betaine,247,C[N+](C)(C)CC(=O)[O-],4.30482088045167,49565.45754365984
Pentadecanoate,22169126,CCCCCCCCCCCCCCC(=O)[O-],4.3037536617055965,49687.407590671115
Sodium octanoate,23664772,CCCCCCCC(=O)[O-].[Na+],4.3037536617055965,49687.407590671115
Octanoate,119389,CCCCCCCC(=O)[O-],4.3037536617055965,49687.407590671115
"Benzofuran, 6-ethenyl-4,5,6,7-tetrahydro-3,6-dimethyl-5-isopropenyl-, trans-",12305301,CC1=COC2=C1CC(C(C2)(C)C=C)C(=C)C,4.30081958582395,50024.23019718225
Furanoelemene,12305300,CC1=COC2=C1CC(C(C2)(C)C=C)C(=C)C,4.30081958582395,50024.23019718225
"(6S)-6-ethenyl-3,6-dimethyl-5-prop-1-en-2-yl-5,7-dihydro-4H-1-benzofuran",5316217,CC1=COC2=C1CC(C(C2)(C)C=C)C(=C)C,4.30081958582395,50024.23019718225
2-Undecanone,8163,CCCCCCCCCC(=O)C,4.282752228273272,52149.214559559245
2-Decanone,12741,CCCCCCCCC(=O)C,4.282752228273272,52149.214559559245
Vitamin K,5280483,CC1=C(C(=O)C2=CC=CC=C2C1=O)CC=C(C)CCCC(C)CCCC(C)CCCC(C)C,4.276208326099499,52940.94313193816
"3,6,10-trimethyl-8,11-dihydro-7H-cyclodeca[b]furan-4-one",179413,CC1=CC(=O)C2=C(CC(=CCC1)C)OC=C2C,4.276157890141736,52947.091683978455
Furanodienon,6442374,CC1=CC(=O)C2=C(CC(=CCC1)C)OC=C2C,4.276157890141736,52947.091683978455
Furanodienone,6506548,CC1=CC(=O)C2=C(CC(=CCC1)C)OC=C2C,4.276157890141736,52947.091683978455
Isofuranodienone,5317425,CC1=CC(=O)C2=C(CC(=CCC1)C)OC=C2C,4.276157890141736,52947.091683978455
L-Ascorbic Acid,54670067,C(C(C1C(=C(C(=O)O1)O)O)O)O,4.27138705174364,53531.93577649116
"1,5,9-Trimethyl-11,14,15-trioxatetracyclo[10.2.1.04,13.08,13]pentadecan-10-one",540009,CC1CCC2C(C(=O)OC3C24C1CCC(O3)(O4)C)C,4.247371964984703,56575.452345527454
Desoxyartemisinin,45038803,CC1CCC2C(C(=O)OC3C24C1CCC(O3)(O4)C)C,4.247371964984703,56575.452345527454
(S)-3-Methyl-6-((S)-6-methyl-4-oxohept-5-en-2-yl)cyclohex-2-enone,91698350,CC1=CC(=O)C(CC1)C(C)CC(=O)C=C(C)C,4.246576318169738,56679.196094138155
Methylarsonous acid,161491,C[As](O)O,4.246443172994345,56696.575358077775
"[(2S)-3-hydroxy-2-(3-methylbut-2-enoyloxy)propyl] (2Z,4E,11E)-trideca-2,4,11-trienoate",14131980,CC=CCCCCCC=CC=CC(=O)OCC(CO)OC(=O)C=C(C)C,4.238476782077698,57746.174371067806
alpha-Turmerone,14632996,CC1=CCC(C=C1)C(C)CC(=O)C=C(C)C,4.214944555502023,60961.47191467938
(+)-alpha-Turmerone,11820691,CC1=CCC(C=C1)C(C)CC(=O)C=C(C)C,4.214944555502023,60961.47191467938
Coumarin,323,C1=CC=C2C(=C1)C=CC(=O)O2,4.20869812672079,61844.612581748304
Dichlofluanid,14145,CN(C)S(=O)(=O)N(C1=CC=CC=C1)SC(F)(Cl)Cl,4.203242696118277,62626.37928329385
"2-Methyl-6-(4-methyl-3-cyclohexen-1-yl)hepta-2,5-dien-4-one",6365122,CC1=CCC(CC1)C(=CC(=O)C=C(C)C)C,4.199018687366861,63238.46397525225
"(E)-10,11-Dihydro-alpha-atlantone",12299866,CC1=CCC(CC1)C(=CC(=O)C=C(C)C)C,4.199018687366861,63238.46397525225
(Z)-alpha-Atlantone,12299867,CC1=CCC(CC1)C(=CC(=O)C=C(C)C)C,4.199018687366861,63238.46397525225
Beta-Phellandrene,11142,CC(C)C1CCC(=C)C=C1,4.191196970592474,64387.71742308147
Hexose,206,C(C1C(C(C(C(O1)O)O)O)O)O,4.185436918279543,65247.380660755385
Beta-D-Glucose,64689,C(C1C(C(C(C(O1)O)O)O)O)O,4.185436918279543,65247.380660755385
Flavanone,10251,C1C(OC2=CC=CC=C2C1=O)C3=CC=CC=C3,4.18531612523236,65265.53084782105
Methylhydroxycarbene,11262180,C[C]O,4.1814065289349545,65855.71527082233
(+)-Menthofuran,442478,CC1CCC2=C(C1)OC=C2C,4.158551309404291,69414.25879005417
Menthofuran,329983,CC1CCC2=C(C1)OC=C2C,4.158551309404291,69414.25879005417
(-)-Menthofuran,7168192,CC1CCC2=C(C1)OC=C2C,4.158551309404291,69414.25879005417
(6S)-6-(4-hydroxyphenyl)-2-methylhept-2-en-4-one,16743818,CC(CC(=O)C=C(C)C)C1=CC=C(C=C1)O,4.1404714827805265,72364.99179795696
Benzene,241,C1=CC=CC=C1,4.134085685905146,73436.89635361456
Hex-2-ulofuranosyl hexopyranoside,1115,C(C1C(C(C(C(O1)OC2(C(C(C(O2)CO)O)O)CO)O)O)O)O,4.114361987823532,76848.96311881047
Sucrose,5988,C(C1C(C(C(C(O1)OC2(C(C(C(O2)CO)O)O)CO)O)O)O)O,4.114361987823532,76848.96311881047
2-Methylfuran-2-ol,66714850,CC1(CC=CO1)O,4.11414837035173,76886.77230109619
Zerumbone,5470187,CC1=CCC(C=CC(=O)C(=CCC1)C)(C)C,4.114084669059738,76898.05069893962
"2,6,9,9-Tetramethylcycloundeca-2,6,10-trien-1-one",5725,CC1=CCC(C=CC(=O)C(=CCC1)C)(C)C,4.114084669059738,76898.05069893962
"2-(4,8-Dimethyl-10-oxocyclodeca-3,7-dien-1-ylidene)propanal",162912558,CC1=CCC(=C(C)C=O)C(=O)CC(=CCC1)C,4.109922756592424,77638.51918459692
"(2E)-2-((3E,7E)-4,8-Dimethyl-10-oxo-3,7-cyclodecadien-1-ylidene)propanal",14633002,CC1=CCC(=C(C)C=O)C(=O)CC(=CCC1)C,4.109922756592424,77638.51918459692
"(2E)-2-[(3Z,7Z)-4,8-dimethyl-10-oxocyclodeca-3,7-dien-1-ylidene]propanal",102056120,CC1=CCC(=C(C)C=O)C(=O)CC(=CCC1)C,4.109922756592424,77638.51918459692
(+)-gamma-Tocopherol,92729,CC1=C(C=C2CCC(OC2=C1C)(C)CCCC(C)CCCC(C)CCCC(C)C)O,4.102265889870606,79019.4695774241
Vitamin E,14985,CC1=C(C2=C(CCC(O2)(C)CCCC(C)CCCC(C)CCCC(C)C)C(=C1O)C)C,4.0851641985608325,82193.18342539218
2-Methyl-6-(4-methylcyclohex-3-en-1-yl)heptan-3-one,6429340,CC1=CCC(CC1)C(C)CCC(=O)C(C)C,4.081518228475643,82886.11260729967
"Limonene, (-)-",439250,CC1=CCC(CC1)C(=C)C,4.078498428210423,83464.45690001619
(+)-Limonene,440917,CC1=CCC(CC1)C(=C)C,4.078498428210423,83464.45690001619
1-Methyl-4-Prop-1-En-2-Ylcyclohexene,22311,CC1=CCC(CC1)C(=C)C,4.078498428210423,83464.45690001619
Hydron phenoxide,20488062,[H+].C1=CC=C(C=C1)[O-],4.072411016788989,84642.59764579729
Gamma-Terpinene,7461,CC1=CCC(=CC1)C(C)C,4.06692740976682,85718.11069552542
Alpha-Terpinene,7462,CC1=CC=C(CC1)C(C)C,4.065106252254465,86078.31316468041
"p-Mentha-1,3,8-triene",176983,CC1=CC=C(CC1)C(=C)C,4.057493480104793,87600.48686569282
Npc134188,91698330,CC1=CCC(=C(C)CC(=O)C=C(C)C)CC1,4.040432892286021,91110.22260185464
"2-Hepten-4-one, 2-methyl-6-(4-methyl-3-cyclohexen-1-ylidene)-, (6Z)-",91698329,CC1=CCC(=C(C)CC(=O)C=C(C)C)CC1,4.040432892286021,91110.22260185464
Npc283692,22508511,CC=CCCC=CCCCC=C,4.029649629400827,93400.75150709644
phenylmethan(18O)ol,11062333,C1=CC=C(C=C1)CO,4.026561698184584,94067.21836486876
Heptanol,8129,CCCCCCCO,4.025913425118648,94207.73771918078
Humulene,5281520,CC1=CCC(C=CCC(=CCC1)C)(C)C,4.0222326914434845,95009.56037782614
"2,6,6,9-Tetramethylcycloundeca-1,4,8-triene",23204,CC1=CCC(C=CCC(=CCC1)C)(C)C,4.0222326914434845,95009.56037782614
Methanol peroxide,18953726,C1(OO1)O,4.0147823883294205,96653.50588069508
An inositol,892,C1(C(C(C(C(C1O)O)O)O)O)O,4.0147823883294205,96653.50588069508
Choline,305,C[N+](C)(C)CCO,4.013514315523147,96936.13159974897
Silane,23953,[SiH4],4.00048088392032,99889.33366576416
"1,2-Hexadecanediol",98037,CCCCCCCCCCCCCCC(CO)O,3.9939650196661547,101399.3054716199
Cyclohexane,8078,C1CCCCC1,3.9826011542443176,104087.56425307647
Cyclobutane,9250,C1CCC1,3.9826011542443176,104087.56425307647
Cyclopentane,9253,C1CCCC1,3.9826011542443176,104087.56425307647
(S)-(+)-2-Nonanol,11094753,CCCCCCCC(C)O,3.9783646335268363,105107.90175998225
Nonan-2R-ol,11286536,CCCCCCCC(C)O,3.9783646335268363,105107.90175998225
2-Nonanol,12367,CCCCCCCC(C)O,3.9783646335268363,105107.90175998225
beta-Turmerone,196216,CC(CC(=O)C=C(C)C)C1CCC(=C)C=C1,3.97807464707823,105178.1076840102
(+)-I2-Turmerone,9815837,CC(CC(=O)C=C(C)C)C1CCC(=C)C=C1,3.97807464707823,105178.1076840102
2-Methyl-2-hepten-4-one,31138,CCCC(=O)C=C(C)C,3.969935635151868,107167.81221031463
"(S,1Z,6Z)-8-Isopropyl-1-methyl-5-methylenecyclodeca-1,6-diene",91723653,CC1=CCCC(=C)C=CC(CC1)C(C)C,3.968774176594217,107454.80080027154
"(6E,8S)-1-methyl-5-methylidene-8-propan-2-ylcyclodeca-1,6-diene",49796490,CC1=CCCC(=C)C=CC(CC1)C(C)C,3.968774176594217,107454.80080027154
Germacrene D,5317570,CC1=CCCC(=C)C=CC(CC1)C(C)C,3.968774176594217,107454.80080027154
(+)-Germacrene D,24771782,CC1=CCCC(=C)C=CC(CC1)C(C)C,3.968774176594217,107454.80080027154
"1,6-Cyclodecadiene, 1-methyl-5-methylene-8-(1-methylethyl)-",5373727,CC1=CCCC(=C)C=CC(CC1)C(C)C,3.968774176594217,107454.80080027154
"(1E)-1-methyl-5-methylidene-8-propan-2-ylcyclodeca-1,6-diene",74764030,CC1=CCCC(=C)C=CC(CC1)C(C)C,3.968774176594217,107454.80080027154
"(1E,6E)-1-methyl-5-methylidene-8-(propan-2-yl)cyclodeca-1,6-diene",6436582,CC1=CCCC(=C)C=CC(CC1)C(C)C,3.968774176594217,107454.80080027154
"8-Isopropyl-1-methyl-5-methylenecyclodeca-1,6-diene",91104,CC1=CCCC(=C)C=CC(CC1)C(C)C,3.968774176594217,107454.80080027154
"(1Z)-1-methyl-5-methylidene-8-propan-2-ylcyclodeca-1,6-diene",92003564,CC1=CCCC(=C)C=CC(CC1)C(C)C,3.968774176594217,107454.80080027154
Isofuranodiene,636458,CC1=CCC2=C(CC(=CCC1)C)OC=C2C,3.966316596292011,108064.58841486396
"3-Hydroxybisabola-1,10-dien-9-one",14633004,CC(CC(=O)C=C(C)C)C1CCC(C=C1)(C)O,3.9626240872948624,108987.30476716638
2-Methylpentane,7892,CCCC(C)C,3.9167834009873785,121120.20550145966
Decanal,8175,CCCCCCCCCC=O,3.9114219863851325,122624.71573340666
Undecane,14257,CCCCCCCCCCC,3.9011658072970747,125555.05213073968
1-deuterio-2-phenyl(113C)ethanone,10441698,C1=CC=C(C=C1)CC=O,3.855799141328054,139380.12788855148
"2-Methyl-6-(4-methyl-1,4-cyclohexadien-1-yl)-2-hepten-4-one",14367556,CC1=CCC(=CC1)C(C)CC(=O)C=C(C)C,3.82591319210414,149309.28229803516
Turmerone,14367555,CC1=CCC(=CC1)C(C)CC(=O)C=C(C)C,3.82591319210414,149309.28229803516
Ethylbenzene,7500,CCC1=CC=CC=C1,3.8197038047812444,151459.3871541951
Npc160122,558173,CC1=CC=C(CC1)C(C)CC(=O)C=C(C)C,3.808074030482038,155570.04219985404
(2-Methoxyethyl)silane,53727372,COCC[Si],3.7831000913615154,164778.25851585373
"1-Methyl-4-(6-methylhept-6-en-2-yl)cyclohexa-1,4-diene",5316213,CC1=CCC(=CC1)C(C)CCCC(=C)C,3.7579022031971117,174621.53309532386
"1-methyl-4-[(2R)-6-methylhept-6-en-2-yl]cyclohexa-1,4-diene",163022879,CC1=CCC(=CC1)C(C)CCCC(=C)C,3.7579022031971117,174621.53309532386
Turmeronol,101695906,CC(CC(=O)C=C(C)C)C1=CC=CC=C1O,3.6468956099337766,225478.11220184673
"Pentacosane, 13-cyclohexyl-",138811,CCCCCCCCCCCCC(CCCCCCCCCCCC)C1CCCCC1,3.646416552581705,225726.96764196976
D-Arabinose,66308,C(C(C(C(C=O)O)O)O)O,3.5128818105377806,306985.7309663496
"N,N-Dimethyl-2-cyclohexyloxyethylamine",546952,CN(C)CCOC1CCCCC1,3.394457889828166,403220.0416721236
"3-Cyclopentene-1-acetaldehyde, 2,2,3-trimethyl-",98497,CC1=CCC(C1(C)C)CC=O,3.2626664873791675,546177.1319991479
1-Cyclohexyl-3-cyclopentylpropane,236409,C1CCC(CC1)CCCC2CCCC2,3.2014215451413577,628895.4531841237
